Date,Price,Gold_Return
2020-01-02,69166.82,0.001880150678577941
2020-01-03,68827.24,-0.0049095794775587676
2020-01-06,69196.48,0.005364736403784098
2020-01-07,69562.45,0.005288852843381653
2020-01-08,67916.99,-0.023654428502733804
2020-01-09,68194.96,0.004092790331255758
2020-01-10,67493.91,-0.010280085214508516
2020-01-13,67614.21,0.0017823830327803325
2020-01-14,67848.8,0.003469536950886365
2020-01-15,68239.02,0.005751317635684039
2020-01-16,67798.13,-0.006460966174484883
2020-01-17,68928.65,0.016674796192756247
2020-01-20,68390.79,-0.00780314136429483
2020-01-21,67093.36,-0.01897082925931981
2020-01-22,67455.24,0.005393678301399696
2020-01-23,66979.96,-0.007045857371495545
2020-01-24,66289.73,-0.010305022576902245
2020-01-27,66761.28,0.007113469914570514
2020-01-28,66239.97,-0.0078085680801806
2020-01-29,66493.46,0.003826843520611467
2020-01-30,66386.69,-0.0016057218258758166
2020-01-31,65829.28,-0.008396411991620667
2020-02-03,64930.06,-0.013659879008246834
2020-02-04,63602.61,-0.020444305765311088
2020-02-05,64593.27,0.015575775899762556
2020-02-06,65219.23,0.009690792864334163
2020-02-07,65418.99,0.0030629003132971455
2020-02-10,65631.64,0.0032505851894075732
2020-02-11,65994.49,0.0055285834698022285
2020-02-12,66180.26,0.002814931973866175
2020-02-13,66852.27,0.010154236323641097
2020-02-14,66826.2,-0.00038996431983551183
2020-02-17,67387.58,0.00840059737049259
2020-02-18,66473.22,-0.013568672446762409
2020-02-19,65974.94,-0.0074959510010196295
2020-02-20,65878.87,-0.0014561589597505975
2020-02-21,66546.34,0.010131776698659278
2020-02-24,67134.73,0.008841808580306587
2020-02-25,66678.44,-0.00679663119223084
2020-02-26,66432.47,-0.003688898540517793
2020-02-27,66040.12,-0.005905997473825808
2020-02-28,65868.54,-0.0025981176291018926
2020-03-02,66295.16,0.0064768400817751814
2020-03-03,66797.03,0.0075702358965570316
2020-03-04,67154.47,0.005351136120872457
2020-03-05,68607.36,0.021635045291847232
2020-03-06,68608.88,2.2155057416650692e-05
2020-03-09,70110.29,0.021883610401452147
2020-03-10,69882.62,-0.00324731219910801
2020-03-11,69800.85,-0.0011701049559960097
2020-03-12,70287.61,0.00697355404697797
2020-03-13,72447.25,0.030725756644734314
2020-03-16,72608.13,0.002220650197212626
2020-03-17,73099.87,0.006772519826636403
2020-03-18,71493.02,-0.02198157123945621
2020-03-19,72011.51,0.007252316379976476
2020-03-20,72142.26,0.0018156819652859202
2020-03-23,72948.39,0.011174171699084523
2020-03-24,74227.99,0.017541168489119574
2020-03-25,74166.32,-0.0008308186709622412
2020-03-26,73591.85,-0.007745699125964456
2020-03-27,75232.04,0.022287658212152506
2020-03-30,75391.33,0.0021173159733540725
2020-03-31,75936.37,0.007229478509000797
2020-04-01,75851.12,-0.0011226504506338664
2020-04-02,76109.23,0.003402850215000086
2020-04-03,75870.73,-0.003133654091625915
2020-04-06,76430.22,0.007374253549425447
2020-04-07,76733.56,0.00396884897099592
2020-04-08,77963.6,0.016030013464773507
2020-04-09,77330.51,-0.008120327947914285
2020-04-10,78086.71,0.009778805286555281
2020-04-13,77998.34,-0.001131690655170492
2020-04-14,78165.36,0.0021413276231263545
2020-04-15,78183.19,0.00022810615853363636
2020-04-16,80010.54,0.023372671286500113
2020-04-17,80988.31,0.012220514947155703
2020-04-20,81927.97,0.011602415212763395
2020-04-21,83144.06,0.014843404517407066
2020-04-22,83452.93,0.003714877527029481
2020-04-23,83320.2,-0.0015904774104396058
2020-04-24,83637.67,0.003810240493901773
2020-04-27,83523.62,-0.0013636200051962977
2020-04-28,83768.63,0.002933421707536299
2020-04-29,84646.89,0.010484354346012248
2020-04-30,86449.08,0.021290681795870015
2020-05-01,87279.18,0.009602184314743356
2020-05-04,88704.84,0.016334479769402055
2020-05-05,90081.77,0.015522602825279952
2020-05-06,91187.5,0.012274736608749892
2020-05-07,92207.29,0.01118344071281685
2020-05-08,91199.53,-0.01092928769514856
2020-05-11,91637.81,0.004805726520739739
2020-05-12,91653.06,0.00016641602412792444
2020-05-13,93570.63,0.020922051047722823
2020-05-14,93906.82,0.0035929008920854155
2020-05-15,95921.7,0.02145616260884986
2020-05-18,94805.27,-0.011638972203369957
2020-05-19,95998.33,0.012584321525586084
2020-05-20,97244.82,0.012984496709474103
2020-05-21,97915.26,0.006894351801977505
2020-05-22,98238.82,0.0033044900253547116
2020-05-25,99367.65,0.01149067140668003
2020-05-26,101402.7,0.020480005313600502
2020-05-27,101632.0,0.002261281011255223
2020-05-28,102015.11,0.0037695804471031824
2020-05-29,102790.45,0.007600246669341448
2020-06-01,102446.51,-0.0033460306867029166
2020-06-02,103407.9,0.00938431187162947
2020-06-03,104747.36,0.012953168955176508
2020-06-04,105498.1,0.007167149606443601
2020-06-05,105832.13,0.0031662181593792305
2020-06-08,106335.13,0.0047528099453351125
2020-06-09,104619.01,-0.016138786871281452
2020-06-10,103849.25,-0.0073577450216743
2020-06-11,102365.14,-0.014291003546005432
2020-06-12,103435.44,0.01045570787086314
2020-06-15,102347.21,-0.010520862095235395
2020-06-16,102554.66,0.0020269238409136303
2020-06-17,104150.3,0.0155589224321937
2020-06-18,104992.53,0.008086678578938189
2020-06-19,105143.81,0.0014408644119729974
2020-06-22,104523.09,-0.005903533455749788
2020-06-23,103972.81,-0.0052646740543166315
2020-06-24,104235.61,0.002527583894289309
2020-06-25,104647.95,0.003955845799722413
2020-06-26,104539.05,-0.001040631947400783
2020-06-29,103638.26,-0.008616780045351602
2020-06-30,102188.41,-0.013989524717994972
2020-07-01,101906.24,-0.002761272046409191
2020-07-02,101323.11,-0.005722220739377781
2020-07-03,102476.47,0.011382990514207547
2020-07-06,103859.37,0.01349480519771995
2020-07-07,102083.9,-0.01709494290211855
2020-07-08,102262.69,0.001751402522826906
2020-07-09,104651.46,0.023359154741577903
2020-07-10,106031.86,0.013190451428006789
2020-07-13,105701.97,-0.0031112346798405355
2020-07-14,106682.16,0.009273147889296673
2020-07-15,106885.56,0.001906598066630849
2020-07-16,107166.44,0.0026278573083211576
2020-07-17,108906.38,0.01623586637757124
2020-07-20,108143.6,-0.00700399737829871
2020-07-21,109279.14,0.010500297752247922
2020-07-22,108641.83,-0.005831945602792987
2020-07-23,109180.5,0.00495821913161798
2020-07-24,109121.68,-0.0005387408923754888
2020-07-27,109226.94,0.0009646112486538794
2020-07-28,111734.72,0.022959354166655288
2020-07-29,111064.56,-0.005997777593213627
2020-07-30,112748.07,0.01515794057078157
2020-07-31,112058.79,-0.006113452762428806
2020-08-03,112127.6,0.00061405267717074
2020-08-04,113434.38,0.011654400878998494
2020-08-05,113546.27,0.0009863852563922748
2020-08-06,113873.51,0.0028819969163231818
2020-08-07,113866.04,-6.559910202119656e-05
2020-08-10,113914.2,0.00042295314740026235
2020-08-11,114862.18,0.00832187734277201
2020-08-12,115638.98,0.006762887488292568
2020-08-13,115003.13,-0.005498578420529032
2020-08-14,115830.01,0.0071900651747478506
2020-08-17,116272.81,0.003822843492804706
2020-08-18,117180.64,0.007807758322861513
2020-08-19,117906.63,0.006195477341649713
2020-08-20,118606.33,0.005934356702417709
2020-08-21,118131.43,-0.00400400214727159
2020-08-24,117406.22,-0.00613900974533188
2020-08-25,118220.0,0.006931319311702655
2020-08-26,118517.37,0.0025153950262222224
2020-08-27,119859.13,0.011321209709597824
2020-08-28,120964.11,0.009218988991493537
2020-08-31,122740.36,0.01468410754231142
2020-09-01,122499.5,-0.0019623537033783833
2020-09-02,122286.23,-0.0017409866979049005
2020-09-03,122441.85,0.001272588091071336
2020-09-04,121620.81,-0.00670555043067389
2020-09-07,122482.12,0.007081929482298355
2020-09-08,124954.5,0.02018564015711033
2020-09-09,125917.73,0.007708645947124726
2020-09-10,127492.97,0.01251007304531293
2020-09-11,126926.24,-0.004445186271839097
2020-09-14,128035.97,0.008743109383843706
2020-09-15,128476.22,0.0034384868564669713
2020-09-16,126888.68,-0.012356683594831885
2020-09-17,126824.79,-0.0005035122124369407
2020-09-18,126074.49,-0.005916035816026066
2020-09-21,127844.4,0.014038605272168825
2020-09-22,125340.06,-0.019588969090550634
2020-09-23,124751.38,-0.004696662822723963
2020-09-24,125010.97,0.002080858744809122
2020-09-25,124086.18,-0.007397670780412424
2020-09-28,125612.46,0.012300161065478932
2020-09-29,126974.16,0.010840485092004304
2020-09-30,127556.76,0.004588335138425048
2020-10-01,127071.48,-0.003804424007006757
2020-10-02,126066.84,-0.007906101353348571
2020-10-05,126545.04,0.003793225879224149
2020-10-06,127187.81,0.005079377271523189
2020-10-07,127645.83,0.0036011312719355093
2020-10-08,127585.47,-0.0004728709116467167
2020-10-09,128157.27,0.0044817015605302934
2020-10-12,127769.65,-0.0030245650519865608
2020-10-13,128302.71,0.004172039291021168
2020-10-14,128775.19,0.0036825410780489953
2020-10-15,128656.4,-0.0009224602968942452
2020-10-16,127672.67,-0.007646180057890639
2020-10-19,127097.18,-0.004507542608766624
2020-10-20,127682.75,0.004607261939250096
2020-10-21,128333.64,0.005097712886039885
2020-10-22,129478.89,0.008924004649131678
2020-10-23,129414.52,-0.0004971466777324851
2020-10-26,128617.48,-0.00615881432778953
2020-10-27,127293.88,-0.010290980666080474
2020-10-28,127493.01,0.0015643328650205568
2020-10-29,130227.0,0.021444234472148826
2020-10-30,129432.77,-0.006098812074300963
2020-11-02,129814.53,0.0029494848947448915
2020-11-03,128997.7,-0.0062922848466963055
2020-11-04,130478.49,0.011479196915914036
2020-11-05,130450.8,-0.00021221888757294582
2020-11-06,132801.61,0.01802066372916067
2020-11-09,133184.29,0.0028815915710662665
2020-11-10,132971.33,-0.0015989873880772887
2020-11-11,132848.03,-0.0009272675545922704
2020-11-12,130613.55,-0.016819820361656856
2020-11-13,130584.6,-0.00022164622276932278
2020-11-16,131621.59,0.007941135478455985
2020-11-17,131154.46,-0.003549037813629252
2020-11-18,131383.22,0.0017442029802112735
2020-11-19,130528.2,-0.006507832583186879
2020-11-20,130510.46,-0.00013590932840557013
2020-11-23,129863.43,-0.004957686916435722
2020-11-24,131084.64,0.009403802132748496
2020-11-25,130061.01,-0.007808924066160738
2020-11-26,129935.52,-0.0009648548784911837
2020-11-27,133750.45,0.029360178032919793
2020-11-30,134214.96,0.003472960277890458
2020-12-01,134233.25,0.00013627392952320072
2020-12-02,133531.19,-0.005230149757977198
2020-12-03,133286.39,-0.001833279550642719
2020-12-04,133159.64,-0.0009509598091748117
2020-12-07,134882.75,0.01294018217531967
2020-12-08,136502.15,0.012005982974101492
2020-12-09,138514.49,0.014742185379497563
2020-12-10,136884.84,-0.011765195107024451
2020-12-11,136706.2,-0.001305038600329933
2020-12-14,134718.57,-0.014539428350725858
2020-12-15,138353.83,0.02698410471548196
2020-12-16,138973.54,0.00447916765296652
2020-12-17,137915.83,-0.007610873264076168
2020-12-18,137316.79,-0.004343518796935619
2020-12-21,138750.62,0.010441767536220281
2020-12-22,134083.84,-0.033634300156640706
2020-12-23,132776.58,-0.00974957161131429
2020-12-24,131858.7,-0.006912966127008091
2020-12-25,129609.56,-0.017057198349445413
2020-12-28,130568.8,0.00740099727211474
2020-12-29,129566.41,-0.007677102033563865
2020-12-30,129215.09,-0.002711505242755541
2020-12-31,130250.76,0.008015085544575307
2021-01-01,130591.31,0.0026145720762014157
2021-01-04,131957.7,0.010463100492674515
2021-01-05,134446.42,0.018859983161270577
2021-01-06,134839.22,0.0029216099617972446
2021-01-07,134976.13,0.0010153574012072841
2021-01-08,136680.51,0.012627269725395074
2021-01-11,133725.86,-0.021617200579658546
2021-01-12,132955.47,-0.0057609650070673535
2021-01-13,133142.81,0.001409043193183468
2021-01-14,131058.04,-0.01565814932101861
2021-01-15,131682.48,0.0047646065819388905
2021-01-18,133144.04,0.011099122677519446
2021-01-19,132651.81,-0.0036969735934105907
2021-01-20,131199.05,-0.010951678684218535
2021-01-21,131017.12,-0.001386671626052105
2021-01-22,130998.79,-0.00013990538030450583
2021-01-25,129550.13,-0.011058575426536321
2021-01-26,127256.41,-0.017705269767000598
2021-01-27,125985.48,-0.009987158996548784
2021-01-28,123687.03,-0.01824376904386127
2021-01-29,123065.44,-0.005025506716427763
2021-02-01,123636.11,0.004637126393892466
2021-02-02,124872.0,0.009996189624535967
2021-02-03,126771.77,0.015213738868601556
2021-02-04,126111.81,-0.005205890869868002
2021-02-05,124723.93,-0.01100515487011089
2021-02-08,124757.3,0.00026755090222074784
2021-02-09,122385.87,-0.019008346605769777
2021-02-10,121493.29,-0.007293162192661629
2021-02-11,122292.22,0.006575918719461837
2021-02-12,120901.21,-0.011374476642913134
2021-02-15,119790.25,-0.009188989919952095
2021-02-16,119142.57,-0.005406783941096949
2021-02-17,118685.67,-0.003834901328719109
2021-02-18,121512.46,0.023817449907811206
2021-02-19,120924.09,-0.004842054880627167
2021-02-22,121179.16,0.002109339834602153
2021-02-23,121322.45,0.0011824640474482617
2021-02-24,120968.99,-0.002913393193098135
2021-02-25,120578.83,-0.0032252893902809943
2021-02-26,121440.97,0.0071500113245417385
2021-03-01,122077.49,0.005241394234581698
2021-03-02,121837.88,-0.001962769712909429
2021-03-03,123384.25,0.012692029769395097
2021-03-04,123785.79,0.0032543861959690723
2021-03-05,123276.53,-0.004114042492276315
2021-03-08,124065.77,0.00640219188518687
2021-03-09,125081.01,0.00818307902332771
2021-03-10,124101.7,-0.007829405918612253
2021-03-11,124218.4,0.0009403577872020286
2021-03-12,124153.02,-0.0005263310427440215
2021-03-15,127062.99,0.023438576041082237
2021-03-16,127966.4,0.00710993814957428
2021-03-17,127572.73,-0.003076354418034666
2021-03-18,128092.54,0.004074616887167037
2021-03-19,130480.66,0.018643708681239435
2021-03-22,129156.46,-0.010148630456038421
2021-03-23,130200.34,0.008082290270265968
2021-03-24,131442.03,0.009536764650537766
2021-03-25,131055.51,-0.0029406119184252066
2021-03-26,132380.95,0.010113577063642909
2021-03-29,132059.55,-0.0024278417702850996
2021-03-30,132572.9,0.003887261466512637
2021-03-31,133597.62,0.007729483174917284
2021-04-01,133195.56,-0.003009484749803115
2021-04-02,133129.87,-0.0004931846076551283
2021-04-05,134264.43,0.008522204671273181
2021-04-06,133864.41,-0.002979344566539255
2021-04-07,132000.49,-0.013923939903070726
2021-04-08,130577.83,-0.010777687264645675
2021-04-09,132352.03,0.013587298854637053
2021-04-12,132479.17,0.0009606199466680732
2021-04-13,133520.56,0.007860782944216771
2021-04-14,133124.59,-0.0029656106894698775
2021-04-15,130682.67,-0.018343117526221087
2021-04-16,130038.1,-0.004932329588919426
2021-04-19,128707.54,-0.01023207813709992
2021-04-20,128793.01,0.0006640636593628901
2021-04-21,129991.11,0.009302523483223135
2021-04-22,129932.01,-0.00045464647543980163
2021-04-23,128215.72,-0.013209139149005678
2021-04-26,127734.95,-0.0037496962150975754
2021-04-27,128000.1,0.0020757827047335198
2021-04-28,128101.03,0.0007885150089725901
2021-04-29,127572.67,-0.0041245570000491005
2021-04-30,127363.03,-0.0016432986783141423
2021-05-03,128558.0,0.009382392991121424
2021-05-04,128971.34,0.0032152024767031495
2021-05-05,127678.78,-0.010022071570319424
2021-05-06,126279.07,-0.010962745727990164
2021-05-07,126909.12,0.004989346215489077
2021-05-10,127895.04,0.0077687088209263955
2021-05-11,129367.22,0.011510845143017256
2021-05-12,129812.72,0.0034436853478030383
2021-05-13,130379.9,0.0043692174387841565
2021-05-14,130779.28,0.003063202226723627
2021-05-17,130496.57,-0.002161733877109495
2021-05-18,129171.63,-0.010153063793170936
2021-05-19,130179.27,0.0078007841195470995
2021-05-20,129702.62,-0.0036614892678381583
2021-05-21,131082.33,0.010637487507962451
2021-05-24,130721.34,-0.002753918091019547
2021-05-25,129560.46,-0.008880569920718284
2021-05-26,130065.49,0.0038980256785132728
2021-05-27,129979.0,-0.0006649726995223704
2021-05-28,128780.09,-0.00922387462590113
2021-05-31,126804.81,-0.015338395865385657
2021-06-01,127354.27,0.004333116385726976
2021-06-02,126783.33,-0.004483084862407893
2021-06-03,127242.2,0.0036193244017175275
2021-06-04,127606.78,0.0028652443921906023
2021-06-07,128349.17,0.005817794320960079
2021-06-08,128243.93,-0.0008199507639979897
2021-06-09,128605.87,0.0028222778263267134
2021-06-10,127818.48,-0.006122504361581571
2021-06-11,129511.5,0.013245502528272945
2021-06-14,129087.79,-0.003271601363585508
2021-06-15,130550.24,0.011329111761848365
2021-06-16,130829.94,0.002142470209170133
2021-06-17,131795.06,0.0073769047054519366
2021-06-18,133748.69,0.014823241478094884
2021-06-21,133003.83,-0.005569101274935928
2021-06-22,134236.49,0.009267853414446803
2021-06-23,133774.85,-0.003439005295802877
2021-06-24,134358.69,0.004364348007117824
2021-06-25,134187.25,-0.001275987433339787
2021-06-28,134606.33,0.0031230985060055616
2021-06-29,133280.73,-0.00984797668876325
2021-06-30,134118.3,0.006284254295425784
2021-07-01,133207.02,-0.006794598499980986
2021-07-02,133814.36,0.004559369318523965
2021-07-05,134002.83,0.0014084437574561903
2021-07-06,133837.48,-0.0012339291640331984
2021-07-07,135022.51,0.00885424620965658
2021-07-08,136602.07,0.011698493828917744
2021-07-09,138603.85,0.01465409711580512
2021-07-12,135409.12,-0.023049359740007325
2021-07-13,136925.1,0.011195553150334492
2021-07-14,137228.39,0.0022150065984980483
2021-07-15,137278.73,0.0003668337142190836
2021-07-16,139788.73,0.018283968681819918
2021-07-19,141902.0,0.015117599251384561
2021-07-20,144141.66,0.015783146114924484
2021-07-21,143727.62,-0.0028724520031198075
2021-07-22,145078.62,0.00939972428403113
2021-07-23,142736.53,-0.016143591660852552
2021-07-26,141742.96,-0.0069608669903913345
2021-07-27,141383.47,-0.00253621061673881
2021-07-28,141254.12,-0.0009148877163646096
2021-07-29,140170.11,-0.007674183237982746
2021-07-30,142352.26,0.015567869640681797
2021-08-02,142455.25,0.0007234869330490223
2021-08-03,141230.41,-0.008598068516253332
2021-08-04,139882.19,-0.009546244325142172
2021-08-05,140256.99,0.0026793975701981942
2021-08-06,140008.3,-0.0017731023601746942
2021-08-09,140795.55,0.005622880929202045
2021-08-10,140257.06,-0.003824623718576281
2021-08-11,141124.9,0.0061874960162433545
2021-08-12,142739.79,0.01144298419343448
2021-08-13,141904.34,-0.005852958029432531
2021-08-16,143011.94,0.007805258105566093
2021-08-17,143518.22,0.0035401239924441885
2021-08-18,144162.82,0.004491415793757891
2021-08-19,142738.63,-0.009879038159769649
2021-08-20,144280.78,0.010804012901062476
2021-08-23,145981.45,0.011787224881928182
2021-08-24,144080.9,-0.013019119895027909
2021-08-25,145144.03,0.00737870182654321
2021-08-26,150755.43,0.038660908064906296
2021-08-27,150867.73,0.0007449151251137653
2021-08-30,152645.25,0.011781976172107855
2021-08-31,152983.98,0.002219066757727539
2021-09-01,151005.2,-0.012934556938576147
2021-09-02,152622.4,0.01070956496862352
2021-09-03,153906.95,0.008416523393682818
2021-09-06,153871.73,-0.0002288395683236466
2021-09-07,153643.42,-0.0014837683309337768
2021-09-08,151226.83,-0.015728561626654924
2021-09-09,153507.79,0.015083037844541458
2021-09-10,156563.52,0.019906025616028833
2021-09-13,156121.58,-0.0028227520689366736
2021-09-14,156784.78,0.004247971356682534
2021-09-15,154023.13,-0.01761427352833611
2021-09-16,153560.62,-0.0030028606742377173
2021-09-17,154363.78,0.005230247181862158
2021-09-20,153589.45,-0.005016267417136233
2021-09-21,152843.1,-0.004859383245398696
2021-09-22,152031.24,-0.005311721628258104
2021-09-23,152244.26,0.0014011593932932165
2021-09-24,155242.66,0.01969466697792077
2021-09-27,156697.97,0.00937442066504146
2021-09-28,156173.42,-0.0033475226258514734
2021-09-29,157026.0,0.005459187613359395
2021-09-30,159616.21,0.016495421140447997
2021-10-01,159305.4,-0.0019472333041863354
2021-10-04,159004.75,-0.0018872555481483921
2021-10-05,160434.35,0.008990926371696517
2021-10-06,160534.37,0.0006234325753804448
2021-10-07,161452.09,0.005716657436036998
2021-10-08,161622.34,0.001054492388423034
2021-10-11,161434.26,-0.0011637005131839295
2021-10-12,165898.34,0.027652618471444512
2021-10-13,164729.67,-0.007044494839429927
2021-10-14,164278.14,-0.0027410362686940415
2021-10-15,165250.38,0.005918255466004219
2021-10-18,166594.8,0.008135654514077162
2021-10-19,166573.01,-0.0001307963994072736
2021-10-20,166231.57,-0.0020497918600378418
2021-10-21,166362.87,0.0007898619979345156
2021-10-22,165979.67,-0.002303398588879735
2021-10-25,166864.88,0.005333243523137465
2021-10-26,165106.32,-0.010538826384557387
2021-10-27,164721.49,-0.0023308011468005096
2021-10-28,165471.33,0.00455216863324881
2021-10-29,166479.53,0.006092898389104651
2021-11-01,166500.36,0.0001251204877861234
2021-11-02,167728.34,0.007375239308792025
2021-11-03,164340.45,-0.020198673640960063
2021-11-04,164381.45,0.0002494820964649147
2021-11-05,163346.06,-0.006298703412094375
2021-11-08,164304.24,0.005865951097932864
2021-11-09,165114.85,0.004933591488570421
2021-11-10,167743.88,0.015922432173726353
2021-11-11,166560.35,-0.007055577824955472
2021-11-12,164008.28,-0.01532219402757018
2021-11-15,166113.69,0.012837217730714556
2021-11-16,166229.96,0.00069994231059467
2021-11-17,165777.18,-0.002723817054398614
2021-11-18,166992.41,0.007330502304358166
2021-11-19,164288.12,-0.016194089300226366
2021-11-22,163475.87,-0.004944058036576271
2021-11-23,163612.34,0.000834802102597676
2021-11-24,163596.68,-9.571405188635307e-05
2021-11-25,163863.35,0.0016300453040978269
2021-11-26,165026.83,0.007100306444363547
2021-11-29,165182.09,0.0009408167144699942
2021-11-30,164155.49,-0.006214959503176187
2021-12-01,163228.67,-0.0056459884466854016
2021-12-02,163896.29,0.004090090300925553
2021-12-03,165922.88,0.01236507549987853
2021-12-06,165720.81,-0.001217854945622987
2021-12-07,168480.9,0.016655059796050864
2021-12-08,167946.26,-0.0031732973886059446
2021-12-09,167408.45,-0.003202274346567724
2021-12-10,167516.7,0.000646622079112591
2021-12-13,171024.95,0.020942688102141505
2021-12-14,170128.2,-0.005243387002890509
2021-12-15,168899.64,-0.007221377761006065
2021-12-16,170558.68,0.009822637869447037
2021-12-17,171539.1,0.005748285575380985
2021-12-20,170102.51,-0.008374708739873227
2021-12-21,170857.26,0.004437030353050098
2021-12-22,172371.41,0.008862075863794061
2021-12-23,172507.5,0.0007895160804218815
2021-12-24,173434.41,0.005373157688796093
2021-12-27,173887.59,0.002612976283080215
2021-12-28,173656.81,-0.001327179242636034
2021-12-29,172703.72,-0.005488353724797723
2021-12-30,173290.37,0.003396857925237473
2021-12-31,173550.57,0.001501526022478883
2022-01-03,172587.35,-0.00555008260704648
2022-01-04,173487.37,0.005214866558875819
2022-01-05,172809.35,-0.003908180751140522
2022-01-06,173282.5,0.0027379884248162067
2022-01-07,176249.79,0.017124002712334052
2022-01-10,174823.01,-0.008095215319121829
2022-01-11,174576.95,-0.0014074806285511166
2022-01-12,175134.48,0.0031936060287454104
2022-01-13,174629.0,-0.0028862391917343633
2022-01-14,175781.95,0.006602282553298755
2022-01-17,174716.38,-0.006061885193559435
2022-01-18,172229.95,-0.014231235789111452
2022-01-19,170638.64,-0.009239449933069133
2022-01-20,169942.8,-0.0040778571606057135
2022-01-21,172112.17,0.01276529514636704
2022-01-24,172927.85,0.004739234883855081
2022-01-25,170365.55,-0.01481716218642637
2022-01-26,168601.11,-0.010356788681749385
2022-01-27,168791.33,0.001128225075149203
2022-01-28,170112.13,0.007825046464175811
2022-01-31,168719.48,-0.008186658999566943
2022-02-01,169286.77,0.0033623266264213303
2022-02-02,168454.97,-0.004913555855546092
2022-02-03,168540.66,0.000508681934406674
2022-02-04,168446.01,-0.0005615855544887083
2022-02-07,170987.27,0.015086495667068434
2022-02-08,169950.58,-0.006062965974016676
2022-02-09,169293.5,-0.003866300426865199
2022-02-10,171290.95,0.011798740057946677
2022-02-11,170869.35,-0.0024613092518899204
2022-02-14,172282.26,0.008268949346386556
2022-02-15,170585.14,-0.009850811104985424
2022-02-16,169006.61,-0.0092536196294708
2022-02-17,169681.17,0.003991323179608264
2022-02-18,169786.25,0.0006192790867718401
2022-02-21,167864.16,-0.011320645812013641
2022-02-22,167908.38,0.00026342728549089145
2022-02-23,170061.81,0.01282502993596868
2022-02-24,171240.26,0.0069295393245549786
2022-02-25,172666.98,0.008331685551049794
2022-02-28,171592.46,-0.006223077510245534
2022-03-01,172190.8,0.0034869830527517465
2022-03-02,173329.49,0.006612954931390025
2022-03-03,172291.22,-0.005990152050871389
2022-03-04,173080.69,0.004582183584282529
2022-03-07,171342.05,-0.01004525692611935
2022-03-08,171816.63,0.0027697812650193665
2022-03-09,171253.91,-0.003275119527137771
2022-03-10,174330.88,0.01796729779775541
2022-03-11,173735.53,-0.003415057619166495
2022-03-14,173812.44,0.00044268434902172693
2022-03-15,172517.18,-0.007452055790713286
2022-03-16,174684.02,0.012560140387177565
2022-03-17,172653.99,-0.011621154585290672
2022-03-18,171930.79,-0.004188724511955844
2022-03-21,169282.01,-0.015406082877883587
2022-03-22,167425.52,-0.010966847569922056
2022-03-23,168516.9,0.006518600031823141
2022-03-24,169295.72,0.004621613618574827
2022-03-25,170633.79,0.007903743815850683
2022-03-28,171929.71,0.007594744276617105
2022-03-29,172577.18,0.0037658994480942454
2022-03-30,172855.83,0.001614639896190262
2022-03-31,169143.78,-0.02147483252372795
2022-04-01,169203.04,0.0003503528181763027
2022-04-04,168135.55,-0.006308929201272129
2022-04-05,169017.53,0.005245648525847191
2022-04-06,170039.45,0.006046236742425659
2022-04-07,169503.15,-0.0031539739748629447
2022-04-08,168372.44,-0.006670731487880888
2022-04-11,170022.03,0.009797268484082133
2022-04-12,169978.01,-0.00025890762508828935
2022-04-13,168935.31,-0.006134322904474576
2022-04-14,170427.27,0.008831546229145282
2022-04-15,171203.98,0.004557427928054025
2022-04-18,173291.71,0.012194401088105433
2022-04-19,172611.28,-0.003926500581014514
2022-04-20,173308.0,0.004036352664785303
2022-04-21,174126.45,0.00472251713712013
2022-04-22,175240.35,0.006397075228949944
2022-04-25,172275.28,-0.01692001870573767
2022-04-26,170553.62,-0.00999365666391605
2022-04-27,172109.44,0.009122175184554937
2022-04-28,174398.43,0.013299619126063034
2022-04-29,174407.8,5.3727547891346816e-05
2022-05-02,174465.36,0.00033003111099394467
2022-05-03,176676.92,0.012676212630404304
2022-05-04,176688.9,6.780738536749098e-05
2022-05-05,177476.78,0.004459136935031083
2022-05-06,175915.25,-0.008798503105589384
2022-05-09,174530.87,-0.00786958492796963
2022-05-10,173385.91,-0.006560214820449772
2022-05-11,174489.1,0.006362627736013815
2022-05-12,175253.51,0.004380846711915076
2022-05-13,178339.98,0.01761145896592886
2022-05-16,178169.59,-0.0009554223343527513
2022-05-17,177110.35,-0.005945122284897186
2022-05-18,177769.48,0.0037215781008845816
2022-05-19,179589.02,0.010235390236839281
2022-05-20,176288.6,-0.018377626872734143
2022-05-23,178646.28,0.013373978805209186
2022-05-24,177596.09,-0.0058785998790459315
2022-05-25,176944.1,-0.003671195689049167
2022-05-26,176751.64,-0.0010876881455781362
2022-05-27,176139.25,-0.0034646920390668523
2022-05-30,175288.99,-0.0048272034767946614
2022-05-31,173851.73,-0.0081993740736368
2022-06-01,175721.72,0.010756234637411932
2022-06-02,176035.5,0.001785664287829558
2022-06-03,176538.44,0.0028570373589418274
2022-06-06,176697.77,0.0009025229859287442
2022-06-07,174996.71,-0.009626946621906995
2022-06-08,177048.39,0.011724106127481093
2022-06-09,177255.71,0.0011709793011953629
2022-06-10,177171.56,-0.0004747378800942226
2022-06-13,175809.79,-0.007686165883508567
2022-06-14,176571.01,0.0043297930109580385
2022-06-15,177395.59,0.004669962526691052
2022-06-16,174806.43,-0.014595402287058024
2022-06-17,176711.56,0.01089851214283133
2022-06-20,178038.23,0.0075075450638317776
2022-06-21,179890.97,0.01040641664433517
2022-06-22,180497.05,0.0033691518812755117
2022-06-23,178857.43,-0.009083915775908724
2022-06-24,179093.82,0.0013216672072275948
2022-06-27,180170.76,0.0060132728197992424
2022-06-28,180434.13,0.0014617799247780283
2022-06-29,181204.02,0.0042668756736876645
2022-06-30,181116.91,-0.0004807288491722739
2022-07-01,180994.96,-0.0006733219995858075
2022-07-04,183472.95,0.013690933714397557
2022-07-05,187029.85,0.019386509019449383
2022-07-06,186220.83,-0.004325619680494941
2022-07-07,184699.11,-0.008171588538188779
2022-07-08,189135.94,0.024021934918906807
2022-07-11,189495.79,0.0019025997914516868
2022-07-12,188898.05,-0.0031543708701919915
2022-07-13,186155.13,-0.014520636925579589
2022-07-14,190352.04,0.022545228809971674
2022-07-15,190672.62,0.001684142707375269
2022-07-18,192058.43,0.0072680073310997795
2022-07-19,193997.23,0.010094844574122686
2022-07-20,194485.02,0.002514417345031106
2022-07-21,195417.38,0.004793993902461047
2022-07-22,197523.45,0.010777291149845603
2022-07-25,196985.87,-0.002721600903588972
2022-07-26,197277.44,0.0014801569269917714
2022-07-27,201741.43,0.022627980168436812
2022-07-28,201283.5,-0.0022698857641685333
2022-07-29,199644.22,-0.00814413501355049
2022-08-01,199645.43,6.060781524208636e-06
2022-08-02,201886.43,0.011224900064078502
2022-08-03,199087.14,-0.013865666949482325
2022-08-04,200473.0,0.006961072422859482
2022-08-05,198593.86,-0.009373531597771323
2022-08-08,199510.12,0.0046137378063955126
2022-08-09,198469.23,-0.0052172290809107125
2022-08-10,195964.4,-0.012620747306773983
2022-08-11,195719.48,-0.0012498188446472547
2022-08-12,194256.75,-0.007473604569151804
2022-08-15,192847.2,-0.007256118513256249
2022-08-16,193484.11,0.003302666567105872
2022-08-17,194694.29,0.006254673833422375
2022-08-18,195017.96,0.0016624524530226559
2022-08-19,198961.08,0.02021926595888912
2022-08-22,198885.55,-0.00037962198435992356
2022-08-23,197199.21,-0.008478946811369625
2022-08-24,194285.86,-0.014773639306161601
2022-08-25,194209.83,-0.00039133058885498784
2022-08-26,196317.65,0.010853312625833667
2022-08-29,197100.59,0.003988128423501491
2022-08-30,195296.6,-0.009152636224985411
2022-08-31,195211.0,-0.0004383076817517928
2022-09-01,193580.66,-0.0083516810015829
2022-09-02,193687.58,0.0005523279030041905
2022-09-05,194363.75,0.0034910343760814477
2022-09-06,196446.0,0.010713160247216802
2022-09-07,195758.41,-0.0035001476232654483
2022-09-08,195497.11,-0.0013348085530527909
2022-09-09,195615.29,0.0006045102150105119
2022-09-12,195273.7,-0.0017462336405298373
2022-09-13,193373.93,-0.009728755075568363
2022-09-14,192526.91,-0.0043802181607416335
2022-09-15,188837.24,-0.01916443784403965
2022-09-16,186778.7,-0.010901133695874754
2022-09-19,185640.21,-0.006095395245817703
2022-09-20,185922.05,0.001518205565486097
2022-09-21,182279.3,-0.019592888525056584
2022-09-22,180886.85,-0.0076391010937609805
2022-09-23,179293.24,-0.008809982594091381
2022-09-26,183586.79,0.023947082444380152
2022-09-27,184485.78,0.004896812020080521
2022-09-28,185307.41,0.0044536223875899505
2022-09-29,187015.07,0.009215281785007967
2022-09-30,185863.49,-0.006157685581167471
2022-10-03,187577.2,0.00922026160167344
2022-10-04,188150.55,0.0030566081592005023
2022-10-05,188501.14,0.0018633482602099516
2022-10-06,189791.7,0.006846430743071341
2022-10-07,191963.07,0.011440805894040729
2022-10-10,188883.1,-0.01604459649452361
2022-10-11,188850.28,-0.00017375826635634972
2022-10-12,193783.67,0.026123286658616518
2022-10-13,196168.1,0.012304597183034005
2022-10-14,196760.0,0.0030173101538935043
2022-10-17,195858.52,-0.004581622280951492
2022-10-18,194817.32,-0.005316082241405562
2022-10-19,198279.25,0.017770134606101662
2022-10-20,199185.67,0.004571431453366914
2022-10-21,197665.57,-0.007631573094590616
2022-10-24,199099.27,0.007253159971157164
2022-10-25,198357.92,-0.003723519428272981
2022-10-26,197107.97,-0.006301487734898692
2022-10-27,196408.26,-0.0035498818236522345
2022-10-28,195078.55,-0.006770132783621374
2022-10-31,192391.02,-0.013776655608727872
2022-11-01,193673.87,0.006667930758930574
2022-11-02,193807.85,0.0006917814984541693
2022-11-03,190328.93,-0.017950356500007647
2022-11-04,185091.75,-0.02751646846330713
2022-11-07,186112.62,0.005515480835855735
2022-11-08,188614.72,0.01344401040617238
2022-11-09,193057.01,0.023552191472648643
2022-11-10,192864.47,-0.0009973219827656976
2022-11-11,193332.89,0.0024287521698527215
2022-11-14,191460.37,-0.00968547048564794
2022-11-15,188508.54,-0.015417446440743832
2022-11-16,188863.3,0.0018819306541761893
2022-11-17,187836.29,-0.005437848433231807
2022-11-18,188236.28,0.002129460712836595
2022-11-21,188960.57,0.0038477704723021144
2022-11-22,186635.69,-0.012303519194507118
2022-11-23,188485.34,0.009910483895122058
2022-11-24,189619.27,0.00601601164313359
2022-11-25,192627.97,0.0158670582372773
2022-11-28,194154.51,0.007924809673278466
2022-11-29,193018.88,-0.005849104406588368
2022-11-30,192192.98,-0.0042788560372953865
2022-12-01,192150.06,-0.00022331720960888646
2022-12-02,190230.19,-0.009991513924065387
2022-12-05,191570.7,0.0070467784319618865
2022-12-06,191897.86,0.001707776815556672
2022-12-07,195486.84,0.01870255353551098
2022-12-08,194702.57,-0.004011881311294374
2022-12-09,193964.68,-0.0037898318445411805
2022-12-12,196994.87,0.015622380322025675
2022-12-13,198562.01,0.007955232539811785
2022-12-14,196529.65,-0.010235391956397
2022-12-15,195164.31,-0.006947246891245151
2022-12-16,196254.84,0.005587753211639956
2022-12-19,195556.75,-0.0035570587711365453
2022-12-20,195371.63,-0.0009466305816597798
2022-12-21,194765.18,-0.003104084252150696
2022-12-22,199068.18,0.022093271497502842
2022-12-23,196909.85,-0.010842164729692017
2022-12-26,194830.05,-0.010562193816104237
2022-12-27,194692.98,-0.0007035362358115416
2022-12-28,195565.43,0.004481157974981942
2022-12-29,194955.53,-0.0031186493441095475
2022-12-30,192243.93,-0.013908812948265736
2023-01-02,191887.37,-0.0018547269606900008
2023-01-03,190371.92,-0.007897601598270798
2023-01-04,192504.0,0.011199550858130625
2023-01-05,194419.56,0.009950754270041218
2023-01-06,193228.81,-0.00612464095690779
2023-01-09,192726.13,-0.002601475421806887
2023-01-10,194433.51,0.008859099697586359
2023-01-11,196528.52,0.010774943064083775
2023-01-12,195106.96,-0.007233352187255071
2023-01-13,197753.51,0.01356461091905703
2023-01-16,199578.37,0.009227952515229676
2023-01-17,203385.07,0.019073710242247355
2023-01-18,205224.07,0.0090419616346471
2023-01-19,202323.11,-0.01413557386324138
2023-01-20,202620.84,0.001471557055444661
2023-01-23,203285.54,0.003280511520927565
2023-01-24,204125.13,0.004130101924612939
2023-01-25,205604.23,0.007246045599579087
2023-01-26,205221.77,-0.001860175736656866
2023-01-27,205783.05,0.0027349924912936086
2023-01-30,205433.16,-0.001700285810711688
2023-01-31,201947.31,-0.0169682927527377
2023-02-01,201497.19,-0.00222889822102601
2023-02-02,199637.64,-0.009228664677656262
2023-02-03,200687.44,0.005258527399943258
2023-02-06,204639.42,0.019692213922306356
2023-02-07,204887.94,0.0012144287742801296
2023-02-08,204928.05,0.00019576554871880703
2023-02-09,204860.35,-0.000330359850688966
2023-02-10,204568.82,-0.0014230669819709219
2023-02-13,204460.35,-0.0005302372081923412
2023-02-14,204505.39,0.00022028720972055993
2023-02-15,206322.46,0.008885193686092974
2023-02-16,206295.74,-0.00012950601694061703
2023-02-17,205845.9,-0.002180558842368674
2023-02-20,204186.04,-0.008063604861694995
2023-02-21,203527.48,-0.0032252939525150293
2023-02-22,204096.67,0.0027966248095834256
2023-02-23,206234.3,0.010473615272605707
2023-02-24,206691.32,0.002216023231829123
2023-02-27,207530.46,0.004059870535443766
2023-02-28,208014.08,0.002330356710046333
2023-03-01,205416.68,-0.012486654749524595
2023-03-02,204998.95,-0.0020335739045144186
2023-03-03,206326.6,0.0064763746350895435
2023-03-06,207491.29,0.005644885341977268
2023-03-07,208067.26,0.002775875556029428
2023-03-08,207634.74,-0.0020787508808450816
2023-03-09,209400.71,0.008505175964292011
2023-03-10,208665.4,-0.0035114971673209094
2023-03-13,212088.99,0.016407080426366738
2023-03-14,212292.64,0.0009602101457506507
2023-03-15,214293.81,0.009426469047631558
2023-03-16,213196.55,-0.00512035321972204
2023-03-17,213056.59,-0.00065648341870439
2023-03-20,214209.76,0.005412505663401568
2023-03-21,214193.23,-7.716735222518256e-05
2023-03-22,213162.71,-0.004811169802145576
2023-03-23,217318.57,0.019496186739228483
2023-03-24,218308.57,0.004555524178168513
2023-03-27,219750.25,0.006603863513008124
2023-03-28,217677.09,-0.009434164466252004
2023-03-29,217320.21,-0.0016394926999437898
2023-03-30,216573.16,-0.003437554197099235
2023-03-31,215967.98,-0.0027943444146079077
2023-04-03,214791.28,-0.005448492873804778
2023-04-04,216814.88,0.009421239074509868
2023-04-05,216382.75,-0.001993082762585363
2023-04-06,219710.17,0.015377473481597015
2023-04-07,220591.07,0.004009372893389429
2023-04-10,220265.11,-0.0014776663443357707
2023-04-11,219550.12,-0.003246042916193126
2023-04-12,215510.23,-0.01840076425373849
2023-04-13,217106.72,0.00740795460150534
2023-04-14,213328.94,-0.01740056687328706
2023-04-17,214326.64,0.0046768150631602
2023-04-18,214425.02,0.00045901900015787866
2023-04-19,214488.95,0.00029814617715806513
2023-04-20,215999.51,0.007042600562872758
2023-04-21,217467.26,0.006795154303822271
2023-04-24,216446.3,-0.004694775664162099
2023-04-25,218827.31,0.011000465242418045
2023-04-26,218191.61,-0.002905030455293778
2023-04-27,218676.47,0.002222175270625737
2023-04-28,219533.49,0.003919123077119391
2023-05-01,221319.03,0.008133337651581085
2023-05-02,222832.76,0.006839583564052454
2023-05-03,224685.04,0.008312422284766363
2023-05-04,225704.23,0.0045360830431790955
2023-05-05,223269.45,-0.010787480589087739
2023-05-08,223079.13,-0.0008524229356053903
2023-05-09,224939.16,0.008337983028712692
2023-05-10,220953.71,-0.017717902031820554
2023-05-11,220051.41,-0.004083660781255882
2023-05-12,217907.16,-0.00974431384011587
2023-05-15,220683.06,0.012738911378588957
2023-05-16,222117.34,0.0064992754767856376
2023-05-17,221435.24,-0.003070899372376812
2023-05-18,224706.78,0.014774251830919072
2023-05-19,224734.77,0.0001245623296279863
2023-05-22,227790.93,0.013598963791851215
2023-05-23,227460.28,-0.0014515503317010792
2023-05-24,227250.25,-0.0009233700055235605
2023-05-25,226288.93,-0.004230226369387968
2023-05-26,229365.45,0.013595539118948619
2023-05-29,230894.06,0.0066645172583752466
2023-05-30,231085.78,0.0008303375149625314
2023-05-31,231750.24,0.002875382466199339
2023-06-01,233220.55,0.006344373149300697
2023-06-02,234106.71,0.0037996651667273618
2023-06-05,240893.94,0.0289920352987747
2023-06-06,242780.65,0.007832118981490277
2023-06-07,244861.87,0.008572429474918986
2023-06-08,244439.29,-0.0017257893195048446
2023-06-09,244027.97,-0.0016827082094699186
2023-06-12,243879.17,-0.0006097661673781785
2023-06-13,240869.43,-0.01234111137904903
2023-06-14,241661.08,0.003286635419031736
2023-06-15,241169.65,-0.0020335504583526287
2023-06-16,239451.97,-0.007122289226691669
2023-06-19,239840.57,0.0016228724282367768
2023-06-20,241213.79,0.005725553437435638
2023-06-21,242528.56,0.005450641938837597
2023-06-22,244577.44,0.008447994743381981
2023-06-23,240657.51,-0.016027357224771
2023-06-26,239995.99,-0.002748802644887416
2023-06-27,239531.22,-0.0019365740235909312
2023-06-28,239052.14,-0.002000073309859074
2023-06-29,240941.59,0.007903924223393144
2023-06-30,236833.61,-0.017049692417153928
2023-07-03,236720.73,-0.00047662154032945825
2023-07-04,236011.94,-0.0029942033382543976
2023-07-05,240859.27,0.020538494789712702
2023-07-06,238891.12,-0.008171369115251403
2023-07-07,238523.45,-0.0015390693467383088
2023-07-10,241280.94,0.011560666257342866
2023-07-11,238132.18,-0.013050181253438486
2023-07-12,242258.54,0.017328023453193175
2023-07-13,243962.14,0.00703215663728507
2023-07-14,243924.26,-0.0001552699939425528
2023-07-17,246985.08,0.012548239359217339
2023-07-18,247379.56,0.00159718149776511
2023-07-19,244164.7,-0.01299565736150543
2023-07-20,242988.15,-0.004818673624811476
2023-07-21,240969.09,-0.008309294095205866
2023-07-24,242203.19,0.00512140374518566
2023-07-25,243954.69,0.007231531508730349
2023-07-26,243368.17,-0.0024042169470076535
2023-07-27,243325.76,-0.00017426272301757084
2023-07-28,245292.47,0.008082621420765213
2023-07-31,243708.33,-0.006458168079925164
2023-08-01,246926.06,0.013203200727689657
2023-08-02,247707.76,0.003165724994761643
2023-08-03,247612.7,-0.00038375866787543345
2023-08-04,245005.42,-0.010529669924038587
2023-08-07,245761.46,0.00308580928536184
2023-08-08,246967.66,0.0049080112072903415
2023-08-09,245819.02,-0.004650973329868413
2023-08-10,248216.03,0.00975111689892838
2023-08-11,248505.45,0.001166000439214221
2023-08-14,249930.09,0.005732832016360101
2023-08-15,252127.34,0.008791458443439204
2023-08-16,246289.06,-0.023156076607955378
2023-08-17,244229.96,-0.008360501274396914
2023-08-18,245325.23,0.004484584937900493
2023-08-21,242521.56,-0.011428380195547039
2023-08-22,242593.1,0.0002949840830646089
2023-08-23,247558.95,0.020469873215685164
2023-08-24,247706.44,0.0005957772886013846
2023-08-25,248619.16,0.0036846841769637706
2023-08-28,248933.33,0.001263659647148696
2023-08-29,249193.14,0.001043693104495258
2023-08-30,246328.43,-0.011495942464547881
2023-08-31,245968.97,-0.0014592712664144303
2023-09-01,249265.37,0.013401690465264737
2023-09-04,249878.55,0.0024599486081839927
2023-09-05,252129.16,0.009006815510975263
2023-09-06,253556.65,0.005661740990213104
2023-09-07,257282.06,0.014692614056858622
2023-09-08,257424.24,0.0005526230627972417
2023-09-11,257894.87,0.0018282272096832308
2023-09-12,255486.33,-0.009339231912600665
2023-09-13,254613.89,-0.003414820667704488
2023-09-14,259481.96,0.019119420389830166
2023-09-15,260468.92,0.003803578483837722
2023-09-18,260580.53,0.0004284964209932962
2023-09-19,257748.71,-0.010867350680421217
2023-09-20,258954.9,0.004679713042986755
2023-09-21,258895.91,-0.0002278002849144256
2023-09-22,256955.46,-0.007495097160862829
2023-09-25,255475.72,-0.005758741223089725
2023-09-26,256872.65,0.0054679560155461715
2023-09-27,258294.06,0.005533520209333398
2023-09-28,255810.24,-0.00961624901478575
2023-09-29,258819.61,0.011764071680633315
2023-10-02,258552.49,-0.0010320701742808636
2023-10-03,260682.29,0.008237398912692706
2023-10-04,258825.97,-0.0071210054200460116
2023-10-05,256722.48,-0.00812704382021634
2023-10-06,258511.81,0.0069698999479905765
2023-10-09,260248.68,0.006718725925906499
2023-10-10,260400.01,0.0005814822960870103
2023-10-11,258911.29,-0.005717050471695462
2023-10-12,256741.65,-0.008379858599445456
2023-10-13,254982.85,-0.006850466217693918
2023-10-16,251911.67,-0.012044653199224986
2023-10-17,254408.04,0.009909703667162262
2023-10-18,256268.07,0.007311207617495041
2023-10-19,256348.84,0.0003151777745857842
2023-10-20,258496.3,0.008377100516624214
2023-10-23,255710.31,-0.010777678442592808
2023-10-24,255544.99,-0.000646512844945546
2023-10-25,255657.64,0.00044082257296462757
2023-10-26,259147.86,0.013651929197187274
2023-10-27,261753.86,0.010056035191646995
2023-10-30,262585.13,0.0031757697861647394
2023-10-31,261711.51,-0.0033269972294318606
2023-11-01,262831.58,0.004279788840773513
2023-11-02,263522.86,0.0026301253449070305
2023-11-03,263537.04,5.380937350185633e-05
2023-11-06,258500.49,-0.019111355276662412
2023-11-07,261249.49,0.010634409242318954
2023-11-08,263208.53,0.007498732342023029
2023-11-09,268543.84,0.020270277714783846
2023-11-10,266188.12,-0.008772198982482826
2023-11-13,262429.67,-0.014119525694835766
2023-11-14,262631.84,0.0007703778311349829
2023-11-15,263511.78,0.003350469615565288
2023-11-16,266548.33,0.011523393754920619
2023-11-17,267952.79,0.005269063212663738
2023-11-20,267535.32,-0.0015579983324673918
2023-11-21,263754.14,-0.014133386201119147
2023-11-22,265027.81,0.004829004769365763
2023-11-23,266520.59,0.0056325409774922175
2023-11-24,265342.16,-0.004421534561363738
2023-11-27,263025.25,-0.008731782389952536
2023-11-28,262398.4,-0.0023832312677204426
2023-11-29,264820.19,0.009229438899017506
2023-11-30,262352.78,-0.009317303185984338
2023-12-01,264520.82,0.008263834673297499
2023-12-04,265997.97,0.005584248529094893
2023-12-05,270703.4,0.017689721466671582
2023-12-06,274580.55,0.014322502044673113
2023-12-07,272507.87,-0.007548531751429555
2023-12-08,270392.83,-0.007761390524244183
2023-12-11,272046.35,0.0061152509110540265
2023-12-12,273590.37,0.00567557697429133
2023-12-13,273339.18,-0.0009181244208266159
2023-12-14,268350.2,-0.018251975439452117
2023-12-15,266397.98,-0.007274896758042382
2023-12-18,270030.09,0.013634149928614558
2023-12-19,270653.43,0.0023084094072625128
2023-12-20,264927.21,-0.021157019883324524
2023-12-21,259985.17,-0.018654331504868837
2023-12-22,259674.07,-0.0011966067141445658
2023-12-25,261248.3,0.00606233036667847
2023-12-26,261576.58,0.0012565823394832254
2023-12-27,259412.18,-0.008274441083372164
2023-12-28,256859.67,-0.009839591957478522
2023-12-29,256700.53,-0.0006195600889777886
2024-01-01,255670.68,-0.004011873290639456
2024-01-02,254414.02,-0.004915151005973839
2024-01-03,255306.72,0.003508847507696311
2024-01-04,257800.96,0.00976958224993063
2024-01-05,254991.29,-0.01089860177401969
2024-01-08,259244.67,0.016680491321880098
2024-01-09,259021.32,-0.0008615413385355541
2024-01-10,259528.46,0.0019579083297081024
2024-01-11,258983.49,-0.0020998467759566486
2024-01-12,256147.08,-0.01095208810414905
2024-01-15,255931.34,-0.0008422504757813476
2024-01-16,260012.09,0.015944706107505313
2024-01-17,260100.26,0.0003390996164833737
2024-01-18,258914.47,-0.004558972759196811
2024-01-19,259090.25,0.0006789114567447019
2024-01-22,260817.56,0.006666827485789284
2024-01-23,259850.76,-0.0037068056307251185
2024-01-24,262558.6,0.010420750741694906
2024-01-25,263686.12,0.004294355621945023
2024-01-26,264362.6,0.0025654744360452675
2024-01-29,263416.54,-0.0035786453908381866
2024-01-30,263152.37,-0.0010028603367122635
2024-01-31,263242.66,0.0003431092032344374
2024-02-01,264520.68,0.004854912193943184
2024-02-02,266030.62,0.005708211547013953
2024-02-05,267642.37,0.006058513114016728
2024-02-06,268034.12,0.0014637069608971487
2024-02-07,270265.65,0.008325544523958506
2024-02-08,268647.63,-0.005986776343941624
2024-02-09,267283.17,-0.005078995113413143
2024-02-12,268778.32,0.005593880078569979
2024-02-13,267926.96,-0.003167517380121998
2024-02-14,269170.74,0.004642235331599132
2024-02-15,270987.88,0.006750882358164345
2024-02-16,273554.84,0.009472600767237438
2024-02-19,272882.07,-0.002459360616686612
2024-02-20,273728.73,0.0031026589617997313
2024-02-21,275255.09,0.005576177553594963
2024-02-22,277351.3,0.007615517663996485
2024-02-23,275029.54,-0.008371188453055733
2024-02-26,279177.45,0.015081689043293434
2024-02-27,274467.8,-0.01686973643465839
2024-02-28,274212.85,-0.0009288885617912968
2024-02-29,273285.94,-0.003380257343884363
2024-03-01,272164.72,-0.004102735764598853
2024-03-04,271484.22,-0.0025003240684537964
2024-03-05,271659.56,0.0006458570593901314
2024-03-06,273592.67,0.007115928480484923
2024-03-07,277576.69,0.014561866734222217
2024-03-08,271744.79,-0.021010049511001938
2024-03-11,273740.62,0.007344501434599859
2024-03-12,272417.77,-0.0048324943517698005
2024-03-13,271980.52,-0.0016050715046965758
2024-03-14,275726.75,0.013773890865419247
2024-03-15,275259.06,-0.001696208293174295
2024-03-18,276389.77,0.0041078030274463995
2024-03-19,278483.55,0.0075754612770218
2024-03-20,279295.07,0.0029140679943213676
2024-03-21,282107.01,0.010067990100935287
2024-03-22,283293.3,0.004205106423977201
2024-03-25,283029.82,-0.0009300608238881347
2024-03-26,286521.21,0.012335767305367451
2024-03-27,287587.82,0.003722621442231011
2024-03-28,287227.48,-0.0012529737872766233
2024-03-29,286355.56,-0.0030356426898985323
2024-04-01,283799.04,-0.00892778195052335
2024-04-02,286499.55,0.00951557130002989
2024-04-03,290181.64,0.012851992263164247
2024-04-04,294162.51,0.013718545391086856
2024-04-05,293893.68,-0.0009138826018312285
2024-04-08,297112.01,0.010950660796788858
2024-04-09,294016.98,-0.010417047765925114
2024-04-10,292834.31,-0.004022454757544924
2024-04-11,291812.6,-0.0034890378794752985
2024-04-12,288613.45,-0.010963029012455161
2024-04-15,292508.02,0.013494069663073649
2024-04-16,292835.35,0.001119046240168009
2024-04-17,296855.64,0.013728841138885839
2024-04-18,300999.16,0.013958030239883401
2024-04-19,306413.3,0.01798722627664473
2024-04-22,310540.04,0.013467887980058268
2024-04-23,312052.28,0.004869710199045585
2024-04-24,307381.08,-0.014969286556727024
2024-04-25,306570.03,-0.0026385813986988804
2024-04-26,307401.98,0.0027137355859603307
2024-04-29,311173.46,0.012268886491882736
2024-04-30,309900.62,-0.004090451672838724
2024-05-01,309717.1,-0.0005921898446025198
2024-05-02,312869.33,0.010177771908622457
2024-05-03,309528.24,-0.010678867116824864
2024-05-06,308903.4,-0.0020186849510078764
2024-05-07,310346.23,0.0046708129467010195
2024-05-08,313435.77,0.00995513945827553
2024-05-09,314046.13,0.0019473208179141555
2024-05-10,318223.46,0.013301644570496762
2024-05-13,315357.5,-0.009006124187072917
2024-05-14,310201.99,-0.016348144566087686
2024-05-15,312045.15,0.005941805853663329
2024-05-16,313742.93,0.005440815215362216
2024-05-17,308927.21,-0.015349254244549693
2024-05-20,307110.16,-0.00588180626756718
2024-05-21,305478.98,-0.0053113840323615324
2024-05-22,302777.53,-0.008843325324707996
2024-05-23,306541.51,0.012431503751285655
2024-05-24,301147.78,-0.017595431039665654
2024-05-27,303398.71,0.007474503049632375
2024-05-28,307370.55,0.01309115651810111
2024-05-29,307112.0,-0.0008411671189708647
2024-05-30,309215.48,0.006849227643335176
2024-05-31,306319.03,-0.009367092488383633
2024-06-03,308284.56,0.006416610812589596
2024-06-04,305761.63,-0.008183770215413944
2024-06-05,310092.93,0.014165609988408212
2024-06-06,312690.05,0.008375295754082579
2024-06-07,312425.5,-0.0008460454689875885
2024-06-10,308683.4,-0.011977575453988143
2024-06-11,311507.88,0.009150087111908123
2024-06-12,310242.11,-0.004063364303978467
2024-06-13,311198.48,0.0030826569610424848
2024-06-14,310683.76,-0.0016539926544627548
2024-06-17,311843.82,0.0037338932681900694
2024-06-18,310738.81,-0.0035434724985090593
2024-06-19,305335.78,-0.017387689680603335
2024-06-20,305404.19,0.00022404842301804173
2024-06-21,308971.04,0.01167911285041634
2024-06-24,310250.28,0.004140323313149397
2024-06-25,308465.46,-0.0057528392883320345
2024-06-26,305927.6,-0.008227371712865472
2024-06-27,304898.19,-0.0033648811025875913
2024-06-28,306809.88,0.006269928988427154
2024-07-01,302820.06,-0.013004209642792475
2024-07-02,307318.39,0.014854795286679545
2024-07-03,305686.9,-0.005308793918906041
2024-07-04,304932.61,-0.0024675247778037646
2024-07-05,309670.37,0.015537072273116292
2024-07-08,308749.69,-0.002973096844880563
2024-07-09,307950.72,-0.0025877596832567518
2024-07-10,304743.88,-0.010413484339312329
2024-07-11,301754.11,-0.009810763057817695
2024-07-12,306982.08,0.017325265263164136
2024-07-15,308571.54,0.005177696365859408
2024-07-16,310417.37,0.005981854321367441
2024-07-17,310434.11,5.392739459142426e-05
2024-07-18,302270.56,-0.026297206837225473
2024-07-19,308651.77,0.021110921288530538
2024-07-22,304156.87,-0.014563013845668271
2024-07-23,303834.34,-0.0010604067565528341
2024-07-24,302134.06,-0.005596075808942502
2024-07-25,304091.06,0.006477257148697513
2024-07-26,302013.26,-0.006832821721230453
2024-07-29,300533.93,-0.004898228640689561
2024-07-30,300383.08,-0.0005019399972574501
2024-07-31,302891.45,0.00835057021187735
2024-08-01,302191.89,-0.0023096062962489894
2024-08-02,300999.88,-0.003944546625655687
2024-08-05,296487.89,-0.014990005976082132
2024-08-06,292108.93,-0.014769439655697325
2024-08-07,288523.85,-0.01227309278083355
2024-08-08,287497.64,-0.0035567596924828138
2024-08-09,289180.72,0.005854239360016944
2024-08-12,286984.91,-0.0075932102250799716
2024-08-13,289668.36,0.009350491633863367
2024-08-14,292890.54,0.01112368641159156
2024-08-15,292458.9,-0.0014737246208087473
2024-08-16,295456.36,0.010249166635038165
2024-08-19,294112.59,-0.0045481166829509645
2024-08-20,288344.64,-0.019611367197847618
2024-08-21,292045.34,0.01283429440547268
2024-08-22,290037.9,-0.006873727209617542
2024-08-23,294057.83,0.013860016225465621
2024-08-26,291835.0,-0.007559159366713697
2024-08-27,286204.22,-0.01929439580584924
2024-08-28,286817.8,0.0021438537838471827
2024-08-29,282199.5,-0.016101859786944894
2024-08-30,284161.71,0.00695327241898025
2024-09-02,281004.91,-0.011109167382192475
2024-09-03,280448.23,-0.001981033000455379
2024-09-04,284125.21,0.01311108292607166
2024-09-05,282480.9,-0.005787272449354286
2024-09-06,284654.33,0.007694077723485071
2024-09-09,287212.95,0.008988516001144253
2024-09-10,285503.35,-0.005952377843687184
2024-09-11,285854.58,0.001230213235676736
2024-09-12,288786.49,0.01025664867779974
2024-09-13,288770.55,-5.5196487896647106e-05
2024-09-16,291543.21,0.009601602379467167
2024-09-17,295127.52,0.012294266774383056
2024-09-18,297828.8,0.009152924810264862
2024-09-19,300251.05,0.008133028102050632
2024-09-20,303480.89,0.010757131407200804
2024-09-23,301671.26,-0.005962912524739239
2024-09-24,302060.72,0.0012910079667514118
2024-09-25,299716.73,-0.007759996069664377
2024-09-26,298986.84,-0.0024352661261183295
2024-09-27,297976.26,-0.0033800149866128892
2024-09-30,300048.62,0.006954782236678891
2024-10-01,299296.32,-0.0025072603233435853
2024-10-02,301881.35,0.00863702567408775
2024-10-03,294832.22,-0.02335066409369113
2024-10-04,299326.17,0.015242397862757384
2024-10-07,297846.97,-0.00494176636810606
2024-10-08,292628.71,-0.01751993649624828
2024-10-09,294323.37,0.005791161092840058
2024-10-10,296536.0,0.007517683695997368
2024-10-11,298200.79,0.005614124423341416
2024-10-14,303513.36,0.0178154122261045
2024-10-15,303203.63,-0.001020482261472666
2024-10-16,303064.48,-0.00045893250024753307
2024-10-17,303470.93,0.0013411337415720759
2024-10-18,300723.59,-0.009053058228674415
2024-10-21,298231.93,-0.008285548865654468
2024-10-22,301610.05,0.011327157357027495
2024-10-23,302697.51,0.0036055164607413648
2024-10-24,301204.3,-0.004933010516009917
2024-10-25,301690.69,0.0016148175839456602
2024-10-28,304544.67,0.00945995383549958
2024-10-29,303165.89,-0.004527348976424261
2024-10-30,303020.63,-0.000479143613419053
2024-10-31,305505.0,0.008198682710150784
2024-11-01,308475.5,0.0097232451187379
2024-11-04,301986.96,-0.021034215034905435
2024-11-05,299171.5,-0.009323117792900848
2024-11-06,302308.01,0.01048398660968708
2024-11-07,299695.34,-0.008642410765100084
2024-11-08,299796.95,0.00033904431079911923
2024-11-11,304393.44,0.015332010549139907
2024-11-12,305994.54,0.005259968808788873
2024-11-13,306798.16,0.002626256010973327
2024-11-14,307581.23,0.0025523947079735265
2024-11-15,307687.07,0.0003441042224847646
2024-11-18,308569.68,0.002868531329574431
2024-11-19,311947.64,0.01094715462646878
2024-11-20,308375.91,-0.01144977407105896
2024-11-21,308144.68,-0.000749831593524819
2024-11-22,308844.79,0.002272017157654682
2024-11-25,310312.24,0.004751415751582
2024-11-26,310919.57,0.0019571577324826173
2024-11-27,309750.55,-0.0037598791224368044
2024-11-28,314122.03,0.014112904722848985
2024-11-29,316651.12,0.00805129777112401
2024-12-02,317395.83,0.002351831252010106
2024-12-03,318676.96,0.004036379431954007
2024-12-04,324303.7,0.017656563562047145
2024-12-05,325025.75,0.0022264624177892323
2024-12-06,326443.44,0.00436177748993738
2024-12-09,323860.95,-0.007910987581799755
2024-12-10,326153.89,0.007080013814570796
2024-12-11,326315.99,0.0004970046501666658
2024-12-12,323013.9,-0.010119301846041817
2024-12-13,329902.95,0.02132741036840824
2024-12-16,329543.15,-0.0010906237728398605
2024-12-17,332083.25,0.007707943557619057
2024-12-18,329643.12,-0.007347946636874991
2024-12-19,334861.36,0.01582996787556179
2024-12-20,337014.32,0.006429407083576422
2024-12-23,333502.49,-0.010420417743673416
2024-12-24,331588.31,-0.005739627311328266
2024-12-25,327182.02,-0.013288435892085504
2024-12-26,325818.52,-0.004167405042612038
2024-12-27,332406.21,0.02021889363440721
2024-12-30,325453.73,-0.020915614061482346
2024-12-31,319310.66,-0.018875402042557665
2025-01-01,316852.78,-0.007697456765145105
2025-01-02,315916.6,-0.0029546213859952264
2025-01-03,316137.9,0.0007005013348462263
2025-01-06,312675.82,-0.010951170359517204
2025-01-07,314635.07,0.006266074556068979
2025-01-08,314583.87,-0.00016272820445606406
2025-01-09,310700.63,-0.012344053113721332
2025-01-10,312025.01,0.00426255975084433
2025-01-13,312666.87,0.002057078693787906
2025-01-14,312532.24,-0.000430586073925876
2025-01-15,308281.45,-0.01360112479915665
2025-01-16,308592.34,0.001008461585995546
2025-01-17,306032.37,-0.00829563689105195
2025-01-20,302526.11,-0.011457154025896088
2025-01-21,302289.16,-0.0007832381806648359
2025-01-22,301387.25,-0.0029836002058425404
2025-01-23,304018.54,0.008730594940562275
2025-01-24,303684.42,-0.0010990119221018224
2025-01-27,311971.14,0.027287274072209655
2025-01-28,319501.0,0.02413639928360034
2025-01-29,317066.19,-0.007620664724054094
2025-01-30,314046.25,-0.009524635849694318
2025-01-31,316014.54,0.006267516329202971
2025-02-03,315034.93,-0.0030998890114359856
2025-02-04,316859.72,0.005792341820635594
2025-02-05,312842.04,-0.012679680459226517
2025-02-06,314875.07,0.006498583118816237
2025-02-07,316625.17,0.005558077367001424
2025-02-10,316256.52,-0.001164310468431684
2025-02-11,317951.41,0.005359225479367069
2025-02-12,315172.71,-0.008739385681604483
2025-02-13,314355.35,-0.002593371742115713
2025-02-14,312358.03,-0.006353701312861171
2025-02-17,314780.93,0.007756803947060353
2025-02-18,311623.21,-0.010031484435858218
2025-02-19,307817.88,-0.012211317635807739
2025-02-20,306313.08,-0.004888604911449601
2025-02-21,311141.36,0.01576256554241806
2025-02-24,309664.72,-0.004745881421872045
2025-02-25,308889.54,-0.00250328807233835
2025-02-26,306397.59,-0.008067447023294982
2025-02-27,308877.31,0.008093144596861723
2025-02-28,307424.47,-0.0047036151668118364
2025-03-03,304984.42,-0.007937071502473358
2025-03-04,306286.74,0.00427011976546221
2025-03-05,305410.81,-0.0028598365048385643
2025-03-06,303132.73,-0.0074590680009002375
2025-03-07,303859.78,0.0023984543008603865
2025-03-10,305449.92,0.005233137468867888
2025-03-11,307749.92,0.007529875928597329
2025-03-12,308124.84,0.0012182618926432909
2025-03-13,310661.08,0.008231209142372187
2025-03-14,309003.3,-0.0053362976784862015
2025-03-17,310202.91,0.0038821915494104964
2025-03-18,306915.99,-0.010596032126197641
2025-03-19,302545.01,-0.014241617062701661
2025-03-20,301443.98,-0.003639227102109621
2025-03-21,302815.5,0.004549833770108869
2025-03-24,303109.37,0.0009704589097982996
2025-03-25,301597.26,-0.004988661353490964
2025-03-26,296757.4,-0.01604742695606709
2025-03-27,295082.74,-0.005643195418210456
2025-03-28,298316.32,0.010958214634986918
2025-03-31,300625.35,0.007740206771121194
2025-04-01,300664.99,0.00013185847434371567
2025-04-02,301283.69,0.0020577720073096106
2025-04-03,299682.07,-0.005315986404707096
2025-04-04,301203.87,0.0050780482128944815
2025-04-07,302300.36,0.0036403582729531703
2025-04-08,298434.76,-0.012787282158711166
2025-04-09,296453.58,-0.006638569850241249
2025-04-10,301281.16,0.016284438190963924
2025-04-11,302104.4,0.0027324642536561417
2025-04-14,305075.31,0.009834050745371359
2025-04-15,306049.61,0.0031936376627790253
2025-04-16,303505.53,-0.008312639248257647
2025-04-17,305330.05,0.006011488489188199
2025-04-18,307083.56,0.005742998437264779
2025-04-21,310020.3,0.009563325369811304
2025-04-22,312496.21,0.007986283478856215
2025-04-23,309839.86,-0.00850042309313137
2025-04-24,311550.21,0.0055201096463186605
2025-04-25,315877.17,0.013888483657257034
2025-04-28,311798.4,-0.012912519128875144
2025-04-29,312224.23,0.0013657222102485544
2025-04-30,312446.28,0.0007111875974521453
2025-05-01,309701.04,-0.008786278396401559
2025-05-02,308513.9,-0.003833180540820824
2025-05-05,309874.49,0.004410141650019517
2025-05-06,315262.66,0.01738823353932739
2025-05-07,315053.82,-0.0006624317640406829
2025-05-08,315412.16,0.0011373929698741403
2025-05-09,314127.48,-0.004073019886107088
2025-05-12,308491.21,-0.0179426199834537
2025-05-13,308113.19,-0.0012253833747808418
2025-05-14,305874.22,-0.007266712600002667
2025-05-15,308710.33,0.009272144608983623
2025-05-16,304334.31,-0.014175165437450787
2025-05-19,301534.48,-0.009199849993909659
2025-05-20,303150.41,0.005359022291580029
2025-05-21,302710.59,-0.0014508309587968338
2025-05-22,303517.06,0.0026641618319331872
2025-05-23,305305.57,0.0058926176999738455
2025-05-26,303513.16,-0.005870872254312376
2025-05-27,304600.18,0.0035814592026257586
2025-05-28,304140.21,-0.0015100778994942
2025-05-29,302538.8,-0.0052653675750405915
2025-05-30,302106.93,-0.0014274863257208725
2025-06-02,305512.28,0.011272002267541659
2025-06-03,301983.74,-0.011549584848111638
2025-06-04,311169.73,0.03041882321213718
2025-06-05,315260.87,0.013147615611582841
2025-06-06,313739.64,-0.004825305468452168
2025-06-09,313412.05,-0.001044146031403681
2025-06-10,312568.92,-0.0026901645932247975
2025-06-11,313240.58,0.0021488380866532264
2025-06-12,313723.44,0.0015414988696547116
2025-06-13,317534.94,0.012149235645255052
2025-06-16,321962.23,0.01394268611825833
2025-06-17,325232.96,0.010158738184910865
2025-06-18,324851.98,-0.0011714064896745091
2025-06-19,325454.51,0.0018547832154203192
2025-06-20,323612.79,-0.005658916817591564
2025-06-23,321976.73,-0.005055609823085172
2025-06-24,326329.23,0.013518057655905746
2025-06-25,328158.28,0.005604922366286402
2025-06-26,325595.33,-0.007810103100247878
2025-06-27,328876.0,0.01007591232957794
2025-06-30,329512.66,0.0019358664055753039
2025-07-01,333644.04,0.012537849076876162
2025-07-02,332184.98,-0.004373103742539519
2025-07-03,330867.37,-0.003966494812619126
2025-07-04,332162.94,0.003915677753294267
2025-07-07,333583.72,0.004277358575884405
2025-07-08,332998.49,-0.0017543721857888883
2025-07-09,327985.31,-0.015054662860483181
2025-07-10,330642.77,0.008102375072834844
2025-07-11,329373.63,-0.0038384023942215073
2025-07-14,337344.95,0.024201451706987065
2025-07-15,333907.9,-0.010188532539170958
2025-07-16,335483.76,0.004719445092494112
2025-07-17,335143.31,-0.0010148032202811352
2025-07-18,337251.62,0.006290771550832908
2025-07-21,335958.8,-0.003833398932227561
2025-07-22,339060.34,0.009231905817022934
2025-07-23,340045.35,0.002905117124580192
2025-07-24,336365.85,-0.010820615544367862
2025-07-25,333985.03,-0.0070780669321809375
2025-07-28,331914.65,-0.006199020357289697
2025-07-29,333352.77,0.004332800616061894
2025-07-30,334713.73,0.004082641941148379
2025-07-31,336723.34,0.0060039664342423915
2025-08-01,334541.31,-0.0064801863749629485
2025-08-04,333571.32,-0.002899462550678744
2025-08-05,332984.95,-0.001757854961871419
2025-08-06,332219.9,-0.0022975512857262848
2025-08-07,333036.05,0.002456655967929544
2025-08-08,336905.52,0.011618772201988481
2025-08-11,338114.55,0.003588632207628839
2025-08-12,342898.98,0.014150322723467612
2025-08-13,343815.81,0.002673761234285532
2025-08-14,339845.11,-0.011548916264205622
2025-08-15,342131.56,0.006727917903541547
2025-08-18,340791.24,-0.003917557327947185
2025-08-19,336137.12,-0.013656806436691205
2025-08-20,339206.54,0.009131452069322199
2025-08-21,339246.85,0.00011883615215668719
2025-08-22,333985.55,-0.01550876596201256
2025-08-25,330441.78,-0.01061054886955426
2025-08-26,331797.67,0.004103264423766184
2025-08-27,329139.25,-0.008012171996265027
2025-08-28,331318.1,0.006619842513464924
2025-08-29,333730.82,0.007282185911364536
2025-09-01,333333.56,-0.0011903605426673014
2025-09-02,334864.16,0.004591796877578158
2025-09-03,335117.61,0.0007568740709666955
2025-09-04,335898.46,0.002330077491302429
2025-09-05,343534.11,0.02273201847963202
2025-09-08,342171.28,-0.003967087867926544
2025-09-09,343956.15,0.005216305705142643
2025-09-10,347097.47,0.009132908366371595
2025-09-11,351914.6,0.013878320691879553
2025-09-12,352889.46,0.002770160715128256
2025-09-15,355798.26,0.008242807818629627
2025-09-16,358148.38,0.006605203746639976
2025-09-17,357722.4,-0.0011893953003500046
2025-09-18,358776.24,0.0029459715131061603
2025-09-19,359350.48,0.0016005519206065966
2025-09-22,358968.46,-0.0010630847077203187
2025-09-23,359386.18,0.001163667693813375
2025-09-24,352317.34,-0.019669203751796926
2025-09-25,357344.61,0.014269152917650851
2025-09-26,357197.57,-0.0004114795519092329
2025-09-29,356291.91,-0.0025354595777346
2025-09-30,358115.79,0.005119060940788733
2025-10-01,356494.83,-0.004526357243281431
2025-10-02,358995.69,0.007015136797355437
2025-10-03,357177.62,-0.005064322638525298
2025-10-06,361113.42,0.011019167438318211
2025-10-07,365043.68,0.010883727334198845
2025-10-08,365257.8,0.0005865599426349011
2025-10-09,364878.41,-0.0010386910286378503
2025-10-10,362623.01,-0.0061812371962484125
2025-10-13,360434.67,-0.00603475217968108
2025-10-14,361126.38,0.001919099513928657
2025-10-15,354928.41,-0.017162883531244733
2025-10-16,357111.21,0.006149972609969634
2025-10-17,360742.77,0.010169269119275182
2025-10-20,361403.74,0.0018322473933434225
2025-10-21,362444.54,0.0028798816525805737
2025-10-22,361804.07,-0.0017670841447907648
2025-10-23,356233.62,-0.015396316575432722
2025-10-24,359921.15,0.010351437351701964
2025-10-27,357414.64,-0.006964053098852396
2025-10-28,353642.91,-0.010552813393430172
2025-10-29,356180.41,0.007175317045094998
2025-10-30,354238.56,-0.0054518719881309075
2025-10-31,352866.57,-0.003873067912200212
2025-11-03,353009.6,0.000405337348902135
2025-11-04,352958.12,-0.00014583172808890765
2025-11-05,353535.38,0.001635491485505458
2025-11-06,356035.81,0.0070726443277049356
2025-11-07,358144.63,0.005923055885867168
2025-11-10,355749.07,-0.006688806139575454
2025-11-11,353163.97,-0.007266638813701043
2025-11-12,350449.81,-0.007685268686950075
2025-11-13,344730.09,-0.016321081754902322
2025-11-14,343317.11,-0.0040988008908652285
2025-11-17,339576.52,-0.010895437165948318
2025-11-18,340081.47,0.001486999160012381
2025-11-19,339075.9,-0.0029568503100152466
2025-11-20,342503.75,0.01010938848794618
2025-11-21,341910.98,-0.0017306963792367291
2025-11-24,342250.09,0.0009918078676502962
2025-11-25,341357.56,-0.0026078298474663253
2025-11-26,336788.48,-0.013385026539327272
2025-11-27,334314.84,-0.007344788040255845
2025-11-28,331521.62,-0.00835505836354744
2025-12-01,331014.06,-0.0015310012058942224
2025-12-02,330383.1,-0.001906142597084881
2025-12-03,333097.84,0.008216945721497337
2025-12-04,331200.98,-0.00569460312321457
2025-12-05,328908.49,-0.0069217488426513984
2025-12-08,329832.61,0.002809656874469768
2025-12-09,325529.3,-0.01304695130054001
2025-12-10,331293.04,0.017705748760556972
2025-12-11,336008.61,0.014233833587327993
2025-12-12,339042.94,0.009030512640732624
2025-12-15,335745.02,-0.009727145476027266
2025-12-16,337241.29,0.004456566474165369
2025-12-17,337537.99,0.0008797855090638684
2025-12-18,333116.79,-0.013098377459675015
2025-12-19,335217.49,0.0063061966945587855
2025-12-22,333370.45,-0.005509975031434022
2025-12-23,331169.3,-0.0066027147877084635
2025-12-24,330684.94,-0.001462575184354331
2025-12-25,333318.7,0.007964559861722176
2025-12-26,334409.3,0.003271943638325725
2025-12-29,337662.89,0.009729364584059264
2025-12-30,331544.49,-0.018119847283188384
2025-12-31,330230.31,-0.003963811915559168
