Date,Close,NIFTY_Return
2020-01-02,12434.28,-0.005980451016021071
2020-01-03,12253.7,-0.01452275483582488
2020-01-06,12538.33,0.023228086210695498
2020-01-07,12546.43,0.0006460190471937466
2020-01-08,12516.89,-0.002354454613782586
2020-01-09,12377.17,-0.011162517206750211
2020-01-10,12849.64,0.038172700221456024
2020-01-13,12683.09,-0.012961452616571334
2020-01-14,12620.75,-0.004915205994753702
2020-01-15,12693.09,0.005731830517203829
2020-01-16,12795.53,0.008070532864731916
2020-01-17,12957.06,0.012623939766465142
2020-01-20,13261.84,0.02352231138854033
2020-01-21,13353.04,0.006876873797301286
2020-01-22,13182.83,-0.012746910066921191
2020-01-23,13146.48,-0.0027573745546289885
2020-01-24,13203.86,0.004364666435426212
2020-01-27,13558.89,0.026888349316033233
2020-01-28,13328.54,-0.016988853807354376
2020-01-29,13538.47,0.015750412273212167
2020-01-30,13575.65,0.002746248283594932
2020-01-31,13726.25,0.011093391476651338
2020-02-03,13715.15,-0.0008086695200801852
2020-02-04,13576.81,-0.010086655997200156
2020-02-05,13712.39,0.009986145493676268
2020-02-06,13832.5,0.008759231614620111
2020-02-07,14009.62,0.012804626784746143
2020-02-10,14013.94,0.0003083595415149798
2020-02-11,13915.06,-0.007055831550584757
2020-02-12,13650.95,-0.01898015531373909
2020-02-13,13799.17,0.010857852383900024
2020-02-14,13879.67,0.005833684199846756
2020-02-17,13718.34,-0.011623475197897304
2020-02-18,13632.06,-0.006289390698874686
2020-02-19,13558.58,-0.005390234491338797
2020-02-20,13313.95,-0.018042449873069244
2020-02-21,13183.77,-0.00977771435223962
2020-02-24,13002.97,-0.013713831476125704
2020-02-25,12941.73,-0.004709693247004321
2020-02-26,12827.96,-0.008790942169246363
2020-02-27,12573.67,-0.019823105154677667
2020-02-28,12904.33,0.02629781121979491
2020-03-02,12856.12,-0.003735955295625537
2020-03-03,12484.42,-0.028912300134099622
2020-03-04,12285.13,-0.015963096403357246
2020-03-05,12111.14,-0.014162650293484846
2020-03-06,12056.55,-0.004507420441015486
2020-03-09,11702.13,-0.02939646913918159
2020-03-10,11634.86,-0.005748526123021902
2020-03-11,11331.42,-0.02608024505666595
2020-03-12,10926.87,-0.03570161550802986
2020-03-13,10813.82,-0.01034605518323184
2020-03-16,10778.6,-0.0032569434297962108
2020-03-17,10920.52,0.013166830571688326
2020-03-18,10548.72,-0.03404599780962825
2020-03-19,10436.26,-0.010661009108213992
2020-03-20,10181.78,-0.024384214268329818
2020-03-23,10083.95,-0.00960833960270202
2020-03-24,9707.46,-0.03733556790741743
2020-03-25,9369.52,-0.03481240200835223
2020-03-26,9098.99,-0.02887341080439565
2020-03-27,8931.94,-0.01835918052443175
2020-03-30,8688.79,-0.02722252948407622
2020-03-31,8591.84,-0.011158055379402732
2020-04-01,8707.86,0.013503510307454558
2020-04-02,8778.07,0.008062830592131531
2020-04-03,8963.2,0.021090057381634164
2020-04-06,9014.58,0.005732327740092691
2020-04-07,8881.65,-0.014746111299694498
2020-04-08,9039.83,0.017809753818265772
2020-04-09,8975.45,-0.007121815343872573
2020-04-10,9083.31,0.012017224763103629
2020-04-13,9269.62,0.020511245349988272
2020-04-14,9327.55,0.006249447118652052
2020-04-15,9157.73,-0.018206281392219803
2020-04-16,9056.72,-0.011030025999893
2020-04-17,9213.3,0.017288819793479293
2020-04-20,9198.07,-0.0016530450544320896
2020-04-21,9211.68,0.0014796582326510599
2020-04-22,9304.59,0.010086108071491795
2020-04-23,9391.05,0.009292188049124128
2020-04-24,9428.59,0.003997423078356599
2020-04-27,9408.31,-0.0021509048542783793
2020-04-28,9375.78,-0.003457581648563801
2020-04-29,9482.19,0.011349455725283564
2020-04-30,9553.1,0.007478230240060668
2020-05-01,9526.72,-0.0027614072918739074
2020-05-04,9662.09,0.014209507574485247
2020-05-05,9650.99,-0.0011488197688078738
2020-05-06,9552.53,-0.010202062171860038
2020-05-07,9466.13,-0.009044724277233462
2020-05-08,9354.58,-0.011784118747576788
2020-05-11,9326.97,-0.002951495417218175
2020-05-12,9477.58,0.0161477950502682
2020-05-13,9386.4,-0.00962059935131121
2020-05-14,9413.2,0.0028551947498509644
2020-05-15,9340.09,-0.00776675307015684
2020-05-18,9313.94,-0.0027997588888329927
2020-05-19,9142.77,-0.018377829361151177
2020-05-20,9121.75,-0.002299084413148411
2020-05-21,9103.85,-0.0019623427522130754
2020-05-22,9170.4,0.007310094081075524
2020-05-25,9200.61,0.0032942946872547285
2020-05-26,9067.06,-0.014515341917546887
2020-05-27,9196.14,0.014236147108323882
2020-05-28,9224.93,0.003130661342693797
2020-05-29,9252.42,0.002979968411684464
2020-06-01,9255.75,0.0003599058408503275
2020-06-02,9199.95,-0.00602868487156627
2020-06-03,9229.63,0.0032261044896981783
2020-06-04,9289.52,0.0064888841697881006
2020-06-05,9091.63,-0.02130250002152978
2020-06-08,9034.43,-0.006291501083963924
2020-06-09,9009.74,-0.002732878554596141
2020-06-10,9043.17,0.003710428935796095
2020-06-11,9184.53,0.01563168667624293
2020-06-12,9100.0,-0.00920351939620212
2020-06-15,9047.39,-0.005781318681318703
2020-06-16,8993.44,-0.005963045696051439
2020-06-17,8907.32,-0.009575868633137086
2020-06-18,8872.67,-0.00389005896274075
2020-06-19,8963.52,0.010239307897171868
2020-06-22,8849.51,-0.012719333476134409
2020-06-23,8901.57,0.005882811590698145
2020-06-24,8716.89,-0.02074690195100415
2020-06-25,8659.58,-0.006574592543900359
2020-06-26,8627.81,-0.0036687691550860713
2020-06-29,8816.0,0.021812024140540842
2020-06-30,8789.72,-0.0029809437386570936
2020-07-01,8553.37,-0.026889366214168153
2020-07-02,8344.63,-0.024404416037187904
2020-07-03,8352.18,0.0009047734890583747
2020-07-06,8421.03,0.008243356824206405
2020-07-07,8464.99,0.005220264029459409
2020-07-08,8486.92,0.002590670514672766
2020-07-09,8616.21,0.01523403072021412
2020-07-10,8561.91,-0.006302074810154212
2020-07-13,8663.11,0.01181979254628951
2020-07-14,8490.85,-0.019884314062732722
2020-07-15,8398.59,-0.010865814376652572
2020-07-16,8213.45,-0.02204417646295387
2020-07-17,8188.96,-0.0029816946593698157
2020-07-20,8188.09,-0.00010624059709651856
2020-07-21,8203.77,0.0019149765085630932
2020-07-22,8214.08,0.0012567392796238863
2020-07-23,8122.52,-0.011146713935096697
2020-07-24,8106.93,-0.00191935507699581
2020-07-27,7959.21,-0.018221447576332817
2020-07-28,8100.95,0.017808300069981797
2020-07-29,8073.86,-0.003344052240786599
2020-07-30,8028.1,-0.005667673207115254
2020-07-31,8194.34,0.02070726572912651
2020-08-03,8070.93,-0.015060395346055966
2020-08-04,7961.07,-0.013611814251889287
2020-08-05,7855.62,-0.013245706921305778
2020-08-06,7852.64,-0.0003793462514734003
2020-08-07,7899.22,0.005931763075857299
2020-08-10,7976.98,0.009844009914902863
2020-08-11,8243.62,0.033426183844011303
2020-08-12,8017.09,-0.027479432579376573
2020-08-13,8082.66,0.008178778085315308
2020-08-14,8029.95,-0.006521367965496516
2020-08-17,7974.64,-0.006887963187815593
2020-08-18,7916.38,-0.007305658938836168
2020-08-19,7829.99,-0.010912816211450238
2020-08-20,8001.75,0.021936171055135567
2020-08-21,8090.97,0.011150060924172811
2020-08-24,8097.19,0.0007687582576625385
2020-08-25,8240.11,0.017650567666066985
2020-08-26,8088.43,-0.01840752125881817
2020-08-27,7957.74,-0.016157647404997033
2020-08-28,7746.04,-0.026603030508661973
2020-08-31,7681.74,-0.00830101574481934
2020-09-01,7701.07,0.002516356971207001
2020-09-02,7714.73,0.001773779487785454
2020-09-03,7732.94,0.002360419612870368
2020-09-04,7600.3,-0.01715259655447987
2020-09-07,7681.25,0.010650895359393786
2020-09-08,7708.15,0.0035020341741252015
2020-09-09,7783.37,0.009758502364380695
2020-09-10,7603.58,-0.023099248782982196
2020-09-11,7637.12,0.004411080043874138
2020-09-14,7527.26,-0.014385003771055005
2020-09-15,7493.25,-0.004518244354519418
2020-09-16,7547.46,0.007234511059953874
2020-09-17,7559.72,0.0016243875422989884
2020-09-18,7482.62,-0.010198790431391713
2020-09-21,7486.77,0.0005546185694316197
2020-09-22,7347.19,-0.018643553895738907
2020-09-23,7457.99,0.015080595438528244
2020-09-24,7442.27,-0.0021078065269596324
2020-09-25,7551.49,0.01467562988174298
2020-09-28,7505.13,-0.00613918577658179
2020-09-29,7459.34,-0.006101160139797668
2020-09-30,7391.39,-0.009109385012615046
2020-10-01,7476.99,0.0115810422667455
2020-10-02,7413.99,-0.008425850509362731
2020-10-05,7478.0,0.0086336776823277
2020-10-06,7445.6,-0.0043327092805562906
2020-10-07,7265.99,-0.024122971956591854
2020-10-08,7217.41,-0.006685943691086771
2020-10-09,7114.37,-0.014276589524497063
2020-10-12,7120.8,0.0009038045533196204
2020-10-13,7018.14,-0.014416919447253096
2020-10-14,7103.88,0.01221691217331089
2020-10-15,7099.11,-0.0006714640450008469
2020-10-16,7086.62,-0.0017593754710096832
2020-10-19,7148.83,0.008778515004332021
2020-10-20,7239.62,0.012699980276492884
2020-10-21,7241.23,0.0002223873628726114
2020-10-22,7174.63,-0.009197332497379529
2020-10-23,7019.4,-0.02163595892749881
2020-10-26,6962.3,-0.008134598398723436
2020-10-27,6911.66,-0.007273458483547102
2020-10-28,6924.29,0.0018273468312965946
2020-10-29,6897.53,-0.003864656159692892
2020-10-30,6960.88,0.009184447186166622
2020-11-02,6910.62,-0.007220351449816698
2020-11-03,6908.95,-0.00024165704379641717
2020-11-04,7016.12,0.01551176372676033
2020-11-05,7049.76,0.004794672839119052
2020-11-06,7047.78,-0.00028086062504262266
2020-11-09,6997.87,-0.007081662594462301
2020-11-10,6945.57,-0.007473702712396779
2020-11-11,6874.8,-0.010189228529839833
2020-11-12,6831.36,-0.0063187292721244015
2020-11-13,6899.99,0.010046315814127738
2020-11-16,6884.0,-0.002317394662890826
2020-11-17,6771.15,-0.016393085415456143
2020-11-18,6926.98,0.023013815969222362
2020-11-19,6958.27,0.004517120014782883
2020-11-20,6839.28,-0.017100514926842503
2020-11-23,6804.55,-0.005078019908528297
2020-11-24,6817.31,0.0018752158482191472
2020-11-25,6968.62,0.02219497133033399
2020-11-26,6875.28,-0.013394330584821645
2020-11-27,6963.66,0.012854749188396797
2020-11-30,7090.91,0.018273436669797194
2020-12-01,7038.32,-0.007416537510700372
2020-12-02,7017.09,-0.0030163448095568146
2020-12-03,6929.37,-0.012500908496257068
2020-12-04,6914.92,-0.002085326660288045
2020-12-07,6915.03,1.5907631613965023e-05
2020-12-08,6976.06,0.008825702853060724
2020-12-09,7075.9,0.014311803510864252
2020-12-10,7012.86,-0.00890911403496375
2020-12-11,6844.44,-0.024015879398704643
2020-12-14,6845.87,0.0002089287070965451
2020-12-15,6874.5,0.0041820835043611115
2020-12-16,6899.42,0.003624990908429604
2020-12-17,6874.36,-0.003632189372440031
2020-12-18,6888.45,0.002049645348803475
2020-12-21,7024.58,0.019762065486430114
2020-12-22,7061.81,0.005299960994109343
2020-12-23,7032.01,-0.004219881305217776
2020-12-24,6991.17,-0.005807727804710172
2020-12-25,6979.54,-0.0016635269919055284
2020-12-28,7128.36,0.02132232210145646
2020-12-29,7115.3,-0.0018321184676418634
2020-12-30,7116.92,0.00022767838320247868
2020-12-31,7077.17,-0.005585281273359777
2021-01-01,7179.26,0.014425257553513537
2021-01-04,7362.24,0.025487306491198236
2021-01-05,7407.68,0.006172034598165954
2021-01-06,7418.94,0.0015200440623783784
2021-01-07,7425.91,0.0009394873122037239
2021-01-08,7209.59,-0.029130436539090754
2021-01-11,7281.06,0.009913185077098818
2021-01-12,7296.85,0.002168640280398648
2021-01-13,7339.83,0.005890212900087066
2021-01-14,7277.8,-0.008451149413542192
2021-01-15,7246.08,-0.004358459974168061
2021-01-18,7212.09,-0.004690812135665023
2021-01-19,7309.0,0.01343715899274689
2021-01-20,7277.67,-0.0042864961006977564
2021-01-21,7474.71,0.02707459942536561
2021-01-22,7518.98,0.00592263780133262
2021-01-25,7402.62,-0.01547550332624903
2021-01-26,7394.17,-0.0011414877435286241
2021-01-27,7337.2,-0.007704718717584269
2021-01-28,7140.53,-0.02680450308019411
2021-01-29,7289.35,0.020841590190084025
2021-02-01,7357.71,0.00937806525959095
2021-02-02,7410.84,0.007220996750347597
2021-02-03,7429.83,0.002562462554852152
2021-02-04,7305.06,-0.01679311639701042
2021-02-05,7264.15,-0.005600227787314616
2021-02-08,7345.09,0.011142391057453516
2021-02-09,7251.91,-0.012686025630727515
2021-02-10,7027.59,-0.03093254053070149
2021-02-11,7010.85,-0.0023820399311854645
2021-02-12,7001.67,-0.0013093990029739988
2021-02-15,7016.98,0.0021866211918013523
2021-02-16,7085.05,0.009700754455620686
2021-02-17,7145.6,0.008546164106110865
2021-02-18,7172.35,0.0037435624720107974
2021-02-19,7284.67,0.015660139284892738
2021-02-22,7149.99,-0.018488140162835176
2021-02-23,7199.01,0.006855953644690382
2021-02-24,7259.52,0.008405322398496562
2021-02-25,7150.43,-0.015027164330424059
2021-02-26,7019.66,-0.01828841062705322
2021-03-01,6957.31,-0.008882196573623102
2021-03-02,6902.85,-0.007827738019435704
2021-03-03,6972.0,0.010017601425498013
2021-03-04,6921.53,-0.007238955823293258
2021-03-05,6850.51,-0.010260737149156207
2021-03-08,6801.17,-0.007202383472179497
2021-03-09,6900.98,0.014675416141634479
2021-03-10,6905.4,0.000640488742178702
2021-03-11,6893.11,-0.0017797665595041812
2021-03-12,6886.84,-0.000909603937845116
2021-03-15,7003.2,0.0168959929372543
2021-03-16,6940.71,-0.008923063742289239
2021-03-17,7060.07,0.01719708790599217
2021-03-18,7082.19,0.0031331134110568204
2021-03-19,7071.25,-0.0015447199242041298
2021-03-22,7301.08,0.03250203287961817
2021-03-23,7208.05,-0.012741950505952504
2021-03-24,7179.42,-0.003971948030327188
2021-03-25,7072.17,-0.014938532639126811
2021-03-26,7160.96,0.012554845259658665
2021-03-29,7318.48,0.021997050674769758
2021-03-30,7477.64,0.021747685311704235
2021-03-31,7597.46,0.01602377220620399
2021-04-01,7582.18,-0.002011198479491827
2021-04-02,7550.96,-0.00411754930640007
2021-04-05,7397.16,-0.02036827105427652
2021-04-06,7592.96,0.026469618069637546
2021-04-07,7641.6,0.006405933917734474
2021-04-08,7598.0,-0.005705611390284804
2021-04-09,7729.88,0.017357199262963974
2021-04-12,7639.36,-0.011710401713868834
2021-04-13,7682.25,0.005614344657144166
2021-04-14,7669.21,-0.0016974193758338973
2021-04-15,7734.85,0.008558899808454923
2021-04-16,7732.34,-0.00032450532330952075
2021-04-19,7595.9,-0.017645369965624935
2021-04-20,7606.75,0.001428402164325604
2021-04-21,7711.61,0.013785125053406455
2021-04-22,7712.44,0.00010762992423107853
2021-04-23,7791.84,0.010295055780012552
2021-04-26,7693.54,-0.012615762130639308
2021-04-27,7694.66,0.00014557667861603285
2021-04-28,7637.99,-0.007364847829533727
2021-04-29,7713.88,0.009935860088845505
2021-04-30,7720.62,0.0008737496564634739
2021-05-03,7791.74,0.009211695433786415
2021-05-04,7903.02,0.014281790716836218
2021-05-05,7975.98,0.00923191387596134
2021-05-06,8007.28,0.003924282658682721
2021-05-07,7910.98,-0.012026555834190877
2021-05-10,7914.47,0.00044115899673635717
2021-05-11,7865.24,-0.00622025227210421
2021-05-12,7834.94,-0.003852393569681256
2021-05-13,7801.78,-0.004232323412814876
2021-05-14,7709.72,-0.011799871311418575
2021-05-17,7525.5,-0.023894512381772648
2021-05-18,7465.98,-0.00790910902930042
2021-05-19,7487.75,0.002915893158031535
2021-05-20,7365.15,-0.016373409902841307
2021-05-21,7370.11,0.0006734418172067436
2021-05-24,7552.29,0.024718762677897743
2021-05-25,7653.9,0.013454197336172147
2021-05-26,7817.77,0.02141000013065253
2021-05-27,7860.13,0.0054184249472675194
2021-05-28,7980.4,0.015301273643056668
2021-05-31,7911.7,-0.00860859104806777
2021-06-01,7851.48,-0.007611512064411019
2021-06-02,7588.76,-0.03346120731378022
2021-06-03,7706.68,0.015538770497419918
2021-06-04,7861.45,0.020082577711803218
2021-06-07,7810.56,-0.006473360512373572
2021-06-08,7789.32,-0.0027193952802361254
2021-06-09,7719.37,-0.008980244745369292
2021-06-10,7760.37,0.005311314265283418
2021-06-11,7874.89,0.014757028337566425
2021-06-14,7707.53,-0.02125236035043032
2021-06-15,7751.08,0.005650318584553116
2021-06-16,7727.79,-0.0030047425649071258
2021-06-17,7742.52,0.0019061076970259272
2021-06-18,7791.14,0.00627960922283699
2021-06-21,7776.39,-0.0018931760948975862
2021-06-22,7769.94,-0.0008294337089576054
2021-06-23,7752.73,-0.0022149463187618457
2021-06-24,7851.82,0.012781304134156679
2021-06-25,7897.12,0.005769363026661312
2021-06-28,7922.87,0.003260682375346935
2021-06-29,7800.72,-0.015417392939679586
2021-06-30,7767.3,-0.004284219918161414
2021-07-01,7859.49,0.01186898922405466
2021-07-02,7866.97,0.0009517156965657136
2021-07-05,7936.39,0.008824236014628228
2021-07-06,8118.86,0.02299156165460614
2021-07-07,8229.72,0.013654626388433844
2021-07-08,8243.31,0.0016513320015747457
2021-07-09,8194.31,-0.005944214156691885
2021-07-12,7938.66,-0.031198477968248706
2021-07-13,7925.61,-0.0016438542524809252
2021-07-14,7896.88,-0.003624957574243415
2021-07-15,7939.6,0.005409731438238863
2021-07-16,7927.99,-0.0014622902917024172
2021-07-19,7899.81,-0.0035544948971932833
2021-07-20,7728.36,-0.021703053617745383
2021-07-21,7641.02,-0.011301233379397368
2021-07-22,7690.7,0.006501749766392395
2021-07-23,7862.52,0.022341269325289126
2021-07-26,7856.6,-0.0007529392612037888
2021-07-27,7892.88,0.004617773591629959
2021-07-28,7991.97,0.012554352783774814
2021-07-29,7914.5,-0.009693479830379825
2021-07-30,7954.95,0.005110872449301862
2021-08-02,7884.83,-0.00881463742701083
2021-08-03,7975.01,0.011437152100933101
2021-08-04,7994.04,0.002386203904446438
2021-08-05,8027.98,0.004245663018949131
2021-08-06,7953.0,-0.009339833930826824
2021-08-09,8027.98,0.009427888846975874
2021-08-10,8245.56,0.02710270827779837
2021-08-11,8145.39,-0.0121483562062491
2021-08-12,8114.46,-0.0037972399111645405
2021-08-13,8142.05,0.0034001030259560583
2021-08-16,8227.04,0.01043840310486921
2021-08-17,8173.14,-0.006551566541550868
2021-08-18,7890.31,-0.034604815285190216
2021-08-19,8030.42,0.017757223733921634
2021-08-20,8111.59,0.010107815033335799
2021-08-23,7939.19,-0.02125353968827326
2021-08-24,7882.4,-0.007153122673723589
2021-08-25,8043.51,0.020439206333096704
2021-08-26,8195.48,0.018893493014865426
2021-08-27,8296.92,0.012377554456846962
2021-08-30,8282.48,-0.0017404048731337607
2021-08-31,8295.09,0.001522490848151925
2021-09-01,8285.36,-0.001172983053830623
2021-09-02,8407.98,0.014799598327652541
2021-09-03,8319.67,-0.010503117276682294
2021-09-06,8239.56,-0.00962898768821363
2021-09-07,8349.08,0.01329197190141218
2021-09-08,8348.39,-8.264383620715243e-05
2021-09-09,8498.69,0.018003471328004617
2021-09-10,8431.11,-0.007951813750119108
2021-09-13,8429.3,-0.00021468110367450777
2021-09-14,8335.88,-0.011082770811336684
2021-09-15,8340.62,0.0005686262278250531
2021-09-16,8190.59,-0.017987871405243383
2021-09-17,8144.3,-0.005651607515453683
2021-09-20,8002.07,-0.017463747651731976
2021-09-21,8076.18,0.009261353624749669
2021-09-22,8153.3,0.009549068990537535
2021-09-23,7981.29,-0.021096979137281813
2021-09-24,8120.42,0.017432019134751453
2021-09-27,8383.97,0.0324552178335602
2021-09-28,8392.83,0.0010567785905724048
2021-09-29,8329.28,-0.007571939381591064
2021-09-30,8635.11,0.03671745937223858
2021-10-01,8496.85,-0.016011376809328404
2021-10-04,8503.05,0.0007296821763358441
2021-10-05,8526.37,0.0027425453219729334
2021-10-06,8676.23,0.017576061090475603
2021-10-07,8719.79,0.00502061379193508
2021-10-08,8669.31,-0.005789130242815688
2021-10-11,8570.12,-0.011441510339346372
2021-10-12,8537.36,-0.0038225835810934417
2021-10-13,8433.75,-0.012136070166890112
2021-10-14,8442.85,0.0010789980732177629
2021-10-15,8387.05,-0.006609142647328925
2021-10-18,8234.57,-0.01818040908305063
2021-10-19,8369.81,0.016423444089976647
2021-10-20,8321.46,-0.005776714166749297
2021-10-21,8193.46,-0.015381916154136421
2021-10-22,8180.0,-0.0016427736267705662
2021-10-25,8190.95,0.0013386308068459307
2021-10-26,8016.51,-0.021296674988859565
2021-10-27,8053.91,0.004665371838867394
2021-10-28,7952.14,-0.01263609849129177
2021-10-29,8129.29,0.022277022285824843
2021-11-01,8187.03,0.0071027113068915515
2021-11-02,8149.77,-0.004551100948695597
2021-11-03,8077.46,-0.008872643031643923
2021-11-04,8070.63,-0.0008455628378227775
2021-11-05,8137.05,0.008229840793097853
2021-11-08,8138.31,0.00015484727266024123
2021-11-09,8119.94,-0.002257225394461604
2021-11-10,8129.79,0.0012130631507130119
2021-11-11,8072.01,-0.007107194650784354
2021-11-12,8041.01,-0.0038404313176024774
2021-11-15,7836.19,-0.025471924546792035
2021-11-16,7936.69,0.012825110161953646
2021-11-17,7970.42,0.004249882507695313
2021-11-18,7896.89,-0.009225360771452418
2021-11-19,8091.93,0.024698330608631913
2021-11-22,8104.66,0.001573172283991564
2021-11-23,8003.36,-0.01249898206710709
2021-11-24,8094.07,0.011333989724315874
2021-11-25,8138.64,0.00550650043797507
2021-11-26,8183.09,0.005461600463959604
2021-11-29,8143.19,-0.00487590873374244
2021-11-30,8193.44,0.006170800386580799
2021-12-01,8170.36,-0.0028168876564667045
2021-12-02,8231.7,0.0075076251230057345
2021-12-03,8040.32,-0.02324914659183408
2021-12-06,8000.3,-0.004977413834275191
2021-12-07,8179.67,0.022420409234653604
2021-12-08,8104.86,-0.009145845737053016
2021-12-09,8047.27,-0.007105613175304559
2021-12-10,8005.79,-0.005154543093496389
2021-12-13,7887.95,-0.014719346872700934
2021-12-14,7675.17,-0.02697532311944162
2021-12-15,7656.55,-0.002426004896308509
2021-12-16,7673.32,0.0021902815236627404
2021-12-17,7671.9,-0.00018505679419078547
2021-12-20,7661.56,-0.001347775648796179
2021-12-21,7669.36,0.0010180694271140212
2021-12-22,7772.54,0.01345353458437204
2021-12-23,7757.6,-0.001922151574646036
2021-12-24,7705.36,-0.006734041456120554
2021-12-27,7681.78,-0.003060207440015783
2021-12-28,7741.74,0.0078054825834636965
2021-12-29,7884.45,0.018433840454471495
2021-12-30,7826.02,-0.007410789592171896
2021-12-31,7839.52,0.001725014758459542
2022-01-03,7876.76,0.004750290834132587
2022-01-04,7782.58,-0.011956692853406725
2022-01-05,7788.29,0.0007336898560632577
2022-01-06,7649.43,-0.017829330957116363
2022-01-07,7484.39,-0.021575463792727012
2022-01-10,7522.63,0.005109300824783336
2022-01-11,7489.9,-0.0043508719689789865
2022-01-12,7512.59,0.0030294129427630434
2022-01-13,7514.48,0.00025157768492611865
2022-01-14,7426.14,-0.011755969807624611
2022-01-17,7425.44,-9.42616217847192e-05
2022-01-18,7314.46,-0.014945915662910148
2022-01-19,7447.31,0.01816265315553034
2022-01-20,7324.66,-0.01646903378535347
2022-01-21,7310.09,-0.0019891708284069942
2022-01-24,7218.16,-0.012575768560989076
2022-01-25,7273.69,0.007693096301550462
2022-01-26,7246.83,-0.003692761170740022
2022-01-27,7203.06,-0.006039882265763019
2022-01-28,7284.37,0.011288258045885957
2022-01-31,7290.54,0.0008470190284128876
2022-02-01,7341.65,0.007010454643963326
2022-02-02,7254.89,-0.011817506963693325
2022-02-03,7131.01,-0.0170753795026527
2022-02-04,7144.05,0.001828632970645172
2022-02-07,7118.8,-0.0035344097535711105
2022-02-08,7178.62,0.008403101646344835
2022-02-09,7174.81,-0.000530742677561924
2022-02-10,7196.8,0.0030648895232068263
2022-02-11,7054.46,-0.019778234771009373
2022-02-14,7227.76,0.024566019227552527
2022-02-15,7216.25,-0.0015924712497371596
2022-02-16,7283.42,0.009308158669669053
2022-02-17,7210.53,-0.010007661236067666
2022-02-18,7242.02,0.004367224045944029
2022-02-21,7127.51,-0.015811886738782865
2022-02-22,7171.63,0.0061901000489652525
2022-02-23,7142.94,-0.004000485245334806
2022-02-24,7148.97,0.0008441902073936802
2022-02-25,7215.55,0.009313229737990314
2022-02-28,7107.75,-0.014939956067105076
2022-03-01,7050.08,-0.008113678730962692
2022-03-02,7094.19,0.0062566665910173125
2022-03-03,7287.7,0.02727725082074217
2022-03-04,7278.5,-0.0012624010318755818
2022-03-07,7336.4,0.00795493576973283
2022-03-08,7330.01,-0.0008709994002507049
2022-03-09,7515.16,0.02525917427124913
2022-03-10,7355.04,-0.021306266267118734
2022-03-11,7367.32,0.0016696034283973926
2022-03-14,7221.41,-0.019805030866040796
2022-03-15,7000.26,-0.030624213276908452
2022-03-16,7029.89,0.0042326999282884525
2022-03-17,7045.61,0.0022361658575027477
2022-03-18,7023.71,-0.003108318513230124
2022-03-21,7017.66,-0.0008613681373519366
2022-03-22,7300.49,0.040302607991837824
2022-03-23,7280.25,-0.002772416646005915
2022-03-24,7330.68,0.006926959925826814
2022-03-25,7274.41,-0.007675959119754272
2022-03-28,7305.0,0.004205152032948467
2022-03-29,7286.57,-0.0025229295003422747
2022-03-30,7252.44,-0.004683959668266402
2022-03-31,7424.09,0.02366789659755897
2022-04-01,7538.6,0.015424112584841998
2022-04-04,7555.2,0.0022020003714215974
2022-04-05,7342.52,-0.028150148242270134
2022-04-06,7312.68,-0.004063999825672959
2022-04-07,7569.61,0.03513486163759372
2022-04-08,7551.24,-0.0024268093072166153
2022-04-11,7660.57,0.01447841678982531
2022-04-12,7804.73,0.018818443014031683
2022-04-13,7830.01,0.0032390614409467666
2022-04-14,7751.1,-0.010077892620826812
2022-04-15,7520.47,-0.02975448645998635
2022-04-18,7589.19,0.009137726764417486
2022-04-19,7515.26,-0.009741487563231344
2022-04-20,7535.55,0.002699840058760339
2022-04-21,7421.35,-0.015154832759387116
2022-04-22,7400.12,-0.002860665512339433
2022-04-25,7406.79,0.0009013367350800827
2022-04-26,7435.43,0.0038667222913029153
2022-04-27,7335.22,-0.013477364456393248
2022-04-28,7450.22,0.015677784715386833
2022-04-29,7397.93,-0.007018584686089846
2022-05-02,7246.94,-0.02040976327161792
2022-05-03,7240.44,-0.000896930290577802
2022-05-04,7247.03,0.0009101656805388103
2022-05-05,7265.16,0.0025017144954553316
2022-05-06,7394.44,0.017794515193058302
2022-05-09,7375.96,-0.0024991750558527315
2022-05-10,7368.36,-0.0010303743512709573
2022-05-11,7270.11,-0.013334039053466418
2022-05-12,7349.16,0.010873288024527916
2022-05-13,7369.75,0.002801680736301826
2022-05-16,7334.35,-0.004803419383289764
2022-05-17,7163.86,-0.023245413704009343
2022-05-18,7298.89,0.0188487770559449
2022-05-19,7190.29,-0.014878974748215201
2022-05-20,7140.32,-0.00694965015319271
2022-05-23,7176.05,0.005003977412777028
2022-05-24,7072.05,-0.014492652643167236
2022-05-25,6943.53,-0.018172948437864656
2022-05-26,6763.41,-0.025940695870832253
2022-05-27,6828.37,0.009604622520296813
2022-05-30,6784.86,-0.006371945281231084
2022-05-31,7043.11,0.03806268662875878
2022-06-01,6958.74,-0.011979083103912935
2022-06-02,6881.7,-0.011070969744522707
2022-06-03,6836.11,-0.0066248165424240835
2022-06-06,6860.35,0.0035458762366318286
2022-06-07,6823.08,-0.005432667429504434
2022-06-08,6879.19,0.008223558861980118
2022-06-09,6798.13,-0.011783364029776644
2022-06-10,6684.01,-0.016786969357749815
2022-06-13,6537.4,-0.021934437560685915
2022-06-14,6359.82,-0.027163704224921204
2022-06-15,6321.46,-0.006031617247028942
2022-06-16,6300.53,-0.0033109439907870186
2022-06-17,6253.58,-0.007451754058785509
2022-06-20,6355.35,0.016273878322496937
2022-06-21,6457.51,0.01607464577088602
2022-06-22,6433.4,-0.0037336372688544506
2022-06-23,6292.62,-0.021882674790934753
2022-06-24,6250.83,-0.006641112922757153
2022-06-27,6206.72,-0.00705666287517015
2022-06-28,6158.48,-0.007772221076510766
2022-06-29,6107.49,-0.008279640430755575
2022-06-30,6060.3,-0.007726578348879798
2022-07-01,6033.73,-0.004384271405706075
2022-07-04,5988.46,-0.007502821637693335
2022-07-05,6007.06,0.0031059738229861633
2022-07-06,6037.27,0.005029082446321498
2022-07-07,5971.24,-0.010937062612737303
2022-07-08,6070.52,0.01662636236359627
2022-07-11,5998.88,-0.011801295440917792
2022-07-12,5880.65,-0.019708678953404668
2022-07-13,5911.74,0.005286830537440723
2022-07-14,5853.96,-0.009773772188898633
2022-07-15,5880.51,0.004535391427341606
2022-07-18,5707.81,-0.02936820105739124
2022-07-19,5811.59,0.01818210487034433
2022-07-20,5863.82,0.00898721348202458
2022-07-21,5756.75,-0.018259428154343005
2022-07-22,5653.18,-0.01799105398011025
2022-07-25,5776.3,0.021778892587888565
2022-07-26,5725.61,-0.00877551373716745
2022-07-27,5668.45,-0.009983215762163322
2022-07-28,5511.53,-0.02768305268636051
2022-07-29,5489.84,-0.0039353863627703545
2022-08-01,5476.72,-0.0023898692858079773
2022-08-02,5528.94,0.009534904103185804
2022-08-03,5434.93,-0.017003259214243505
2022-08-04,5334.36,-0.01850437816126438
2022-08-05,5367.31,0.006176935939831818
2022-08-08,5438.41,0.013246859227434182
2022-08-09,5334.35,-0.01913426902348292
2022-08-10,5410.11,0.014202292687956142
2022-08-11,5415.25,0.0009500731038740717
2022-08-12,5492.87,0.014333594940215022
2022-08-15,5490.63,-0.0004078013861605889
2022-08-16,5321.42,-0.030817957137887597
2022-08-17,5313.77,-0.001437586208192454
2022-08-18,5387.79,0.013929846417891634
2022-08-19,5330.0,-0.010726104766518363
2022-08-22,5306.54,-0.0044015009380863335
2022-08-23,5297.3,-0.001741247592593198
2022-08-24,5109.71,-0.03541237989164292
2022-08-25,5220.93,0.021766401615747277
2022-08-26,5164.43,-0.010821826762664855
2022-08-29,5199.92,0.006872007172137096
2022-08-30,5196.72,-0.0006153940829858318
2022-08-31,5282.23,0.016454609830816258
2022-09-01,5311.85,0.005607480174093293
2022-09-02,5298.67,-0.0024812447640653046
2022-09-05,5241.85,-0.010723445694862943
2022-09-06,5297.33,0.010584049524499761
2022-09-07,5176.23,-0.022860573156665787
2022-09-08,5221.01,0.00865108389696756
2022-09-09,5151.66,-0.013282870555697102
2022-09-12,5236.08,0.016386951002201222
2022-09-13,5249.23,0.0025114207575132053
2022-09-14,5294.52,0.008627932096707758
2022-09-15,5302.52,0.001510996275394083
2022-09-16,5189.2,-0.02137097078370298
2022-09-19,5135.68,-0.010313728513065556
2022-09-20,5181.84,0.008988098946974832
2022-09-21,5195.2,0.00257823475830965
2022-09-22,5275.59,0.015473898983677348
2022-09-23,5304.99,0.005572836403131998
2022-09-26,5243.27,-0.011634329188179304
2022-09-27,5193.42,-0.009507425709528672
2022-09-28,5202.63,0.0017733978765437364
2022-09-29,5055.55,-0.028270317128067934
2022-09-30,5165.73,0.021793870103153923
2022-10-03,5197.03,0.006059162983740984
2022-10-04,5280.51,0.016063020609848433
2022-10-05,5178.86,-0.019250034561055784
2022-10-06,5263.21,0.016287368262513535
2022-10-07,5415.86,0.02900321286819252
2022-10-10,5329.02,-0.01603438789038103
2022-10-11,5383.62,0.010245786279653668
2022-10-12,5386.26,0.0004903763638592906
2022-10-13,5284.99,-0.018801543185809955
2022-10-14,5320.44,0.006707675889642051
2022-10-17,5379.17,0.011038560720542101
2022-10-18,5341.13,-0.007071722960977245
2022-10-19,5422.75,0.015281410488042768
2022-10-20,5312.59,-0.020314416117283685
2022-10-21,5215.96,-0.018188868329760077
2022-10-24,5227.44,0.0022009371237508013
2022-10-25,5231.6,0.000795800621336884
2022-10-26,5187.05,-0.008515559293523989
2022-10-27,5242.72,0.01073249727687231
2022-10-28,5280.42,0.007190923795281856
2022-10-31,5340.36,0.011351369777403919
2022-11-01,5334.62,-0.001074833906328343
2022-11-02,5377.84,0.008101795441849635
2022-11-03,5350.28,-0.005124734093985728
2022-11-04,5493.14,0.026701406281540496
2022-11-07,5439.78,-0.009713934106904354
2022-11-08,5588.66,0.027368753883429076
2022-11-09,5593.78,0.0009161408996074538
2022-11-10,5500.29,-0.016713206454311735
2022-11-11,5598.59,0.017871784942248503
2022-11-14,5610.14,0.0020630194388229217
2022-11-15,5673.33,0.011263533530357472
2022-11-16,5764.23,0.016022336088328926
2022-11-17,5791.58,0.004744779441486546
2022-11-18,5751.26,-0.006961830795741308
2022-11-21,5825.17,0.012851096977010146
2022-11-22,5828.0,0.00048582273135377996
2022-11-23,5881.38,0.009159231297185988
2022-11-24,5726.66,-0.02630675113663805
2022-11-25,5761.75,0.006127480940024466
2022-11-28,5718.3,-0.007541111641428344
2022-11-29,5841.44,0.02153437210359721
2022-11-30,5890.28,0.008360952094004226
2022-12-01,5910.92,0.003504077904615821
2022-12-02,5950.08,0.006625026222652375
2022-12-05,5878.5,-0.012030090351726308
2022-12-06,6002.82,0.021148252105128718
2022-12-07,6158.26,0.025894496253427546
2022-12-08,6191.77,0.005441472104133371
2022-12-09,6320.1,0.020725899056327934
2022-12-12,6277.93,-0.006672362779070018
2022-12-13,6218.16,-0.009520654100953707
2022-12-14,6224.33,0.0009922549435845696
2022-12-15,6261.51,0.005973333676074333
2022-12-16,6233.47,-0.004478153033373733
2022-12-19,6278.84,0.007278450044678086
2022-12-20,6306.13,0.004346344229188892
2022-12-21,6230.27,-0.012029564883692445
2022-12-22,6274.12,0.0070382182473631705
2022-12-23,6345.77,0.011419928213040276
2022-12-26,6362.52,0.0026395535923930957
2022-12-27,6458.67,0.015111936779766522
2022-12-28,6363.39,-0.014752263236858298
2022-12-29,6404.07,0.006392818921989507
2022-12-30,6313.34,-0.014167552821877316
2023-01-02,6228.31,-0.013468306791650675
2023-01-03,6181.94,-0.007445037257297837
2023-01-04,6111.91,-0.011328159121570258
2023-01-05,6072.75,-0.006407162409132305
2023-01-06,6059.27,-0.002219752171586098
2023-01-09,6126.44,0.011085493797107437
2023-01-10,6104.6,-0.003564876176049947
2023-01-11,5986.71,-0.019311666612063072
2023-01-12,6076.22,0.014951450796848453
2023-01-13,6015.33,-0.010021032813163466
2023-01-16,6013.75,-0.00026266223133231126
2023-01-17,6050.56,0.006120972770733868
2023-01-18,6068.68,0.0029947641210068543
2023-01-19,6155.85,0.014363914393245247
2023-01-20,6196.06,0.006531998018145302
2023-01-23,6132.11,-0.01032107500572954
2023-01-24,6305.75,0.02831651747930164
2023-01-25,6324.22,0.002929072671767896
2023-01-26,6315.5,-0.00137882616354279
2023-01-27,6395.71,0.012700498772860502
2023-01-30,6418.9,0.0036258679646199443
2023-01-31,6454.34,0.005521195220364872
2023-02-01,6663.38,0.032387509799607805
2023-02-02,6643.49,-0.002984971590994423
2023-02-03,6620.1,-0.0035207398520957778
2023-02-06,6632.98,0.0019455899457709869
2023-02-07,6726.34,0.014075121589391282
2023-02-08,6603.01,-0.018335380013499103
2023-02-09,6444.58,-0.023993602917457335
2023-02-10,6400.13,-0.006897268712623639
2023-02-13,6272.71,-0.019908970599034737
2023-02-14,6242.2,-0.004863926436898924
2023-02-15,6284.84,0.006830924994392973
2023-02-16,6217.66,-0.01068921404522638
2023-02-17,6109.8,-0.0173473621909207
2023-02-20,6118.05,0.0013502896985171375
2023-02-21,6187.84,0.011407229427677024
2023-02-22,6059.99,-0.020661490924135162
2023-02-23,6125.85,0.010868004732681236
2023-02-24,6192.21,0.010832782389382567
2023-02-27,6270.07,0.012573862966533733
2023-02-28,6370.1,0.015953569896348885
2023-03-01,6552.42,0.028621214737602152
2023-03-02,6526.2,-0.004001574990614154
2023-03-03,6538.32,0.0018571297232692352
2023-03-06,6507.21,-0.004758102998935421
2023-03-07,6510.47,0.0005009827560507052
2023-03-08,6640.59,0.019986268272490282
2023-03-09,6532.11,-0.016335897864497073
2023-03-10,6464.71,-0.010318258571885619
2023-03-13,6580.99,0.017986885722638624
2023-03-14,6669.29,0.013417434155043484
2023-03-15,6642.01,-0.004090390431365165
2023-03-16,6717.09,0.011303807130672805
2023-03-17,6749.24,0.004786298828808322
2023-03-20,6881.3,0.019566647504015267
2023-03-21,6891.05,0.0014168834377226158
2023-03-22,6983.99,0.013487059301557691
2023-03-23,7223.82,0.034339968986209835
2023-03-24,7281.92,0.00804283606180678
2023-03-27,7289.92,0.0010986113552469146
2023-03-28,7360.08,0.009624248277072978
2023-03-29,7329.77,-0.004118161759111283
2023-03-30,7557.24,0.031033715928330485
2023-03-31,7578.02,0.0027496811005076616
2023-04-03,7555.6,-0.0029585564566997347
2023-04-04,7480.03,-0.010001852930277
2023-04-05,7587.76,0.014402348653681951
2023-04-06,7674.77,0.011467152361171129
2023-04-07,7630.46,-0.005773462918107097
2023-04-10,7689.74,0.007768863214013377
2023-04-11,7548.56,-0.018359528410583414
2023-04-12,7569.78,0.002811132189450616
2023-04-13,7616.71,0.006199651773235226
2023-04-14,7786.03,0.022230070463494123
2023-04-17,7714.45,-0.009193388671762115
2023-04-18,7594.82,-0.015507262345338946
2023-04-19,7513.19,-0.01074811516270302
2023-04-20,7391.26,-0.016228792297279804
2023-04-21,7520.36,0.017466575387687477
2023-04-24,7672.18,0.020187863346967427
2023-04-25,7706.87,0.004521531038114368
2023-04-26,7830.1,0.015989630031387536
2023-04-27,7847.06,0.002166000434221882
2023-04-28,7841.4,-0.0007212892471830656
2023-05-01,7812.28,-0.003713622567398711
2023-05-02,7785.5,-0.0034279365306926213
2023-05-03,7638.78,-0.018845289319889602
2023-05-04,7667.91,0.0038134361769812664
2023-05-05,7667.66,-3.2603408229858744e-05
2023-05-08,7743.69,0.009915671795567294
2023-05-09,7756.52,0.001656832853587975
2023-05-10,7744.32,-0.001572870307818497
2023-05-11,7663.43,-0.010445074583694813
2023-05-12,7674.05,0.00138580244094344
2023-05-15,7749.45,0.009825320397964576
2023-05-16,7642.26,-0.013831949364148333
2023-05-17,7654.33,0.0015793757344031434
2023-05-18,7680.5,0.003418979845394743
2023-05-19,7614.95,-0.008534600611939336
2023-05-22,7562.36,-0.006906151714719089
2023-05-23,7587.98,0.0033878313119184433
2023-05-24,7483.96,-0.013708523216982571
2023-05-25,7520.6,0.00489580382578203
2023-05-26,7439.79,-0.0107451533122358
2023-05-29,7543.67,0.013962759701550809
2023-05-30,7772.87,0.03038308939813117
2023-05-31,7692.69,-0.010315366138890836
2023-06-01,7748.33,0.007232840527825912
2023-06-02,7681.37,-0.008641862181915316
2023-06-05,7786.48,0.013683756933984492
2023-06-06,7666.99,-0.015345830208258415
2023-06-07,7717.23,0.0065527671224301365
2023-06-08,7636.45,-0.010467486390842273
2023-06-09,7620.19,-0.0021292616333505876
2023-06-12,7525.43,-0.012435385469391047
2023-06-13,7607.42,0.010895058488352038
2023-06-14,7531.21,-0.010017850992846467
2023-06-15,7587.37,0.007456969066059749
2023-06-16,7558.15,-0.0038511368234316334
2023-06-19,7550.85,-0.0009658448165225098
2023-06-20,7568.53,0.002341458246422512
2023-06-21,7499.8,-0.009081023659812337
2023-06-22,7523.29,0.003132083522227269
2023-06-23,7673.4,0.019952706860961067
2023-06-26,7602.16,-0.00928402012145857
2023-06-27,7718.9,0.015356161932924328
2023-06-28,7869.72,0.019539053492078073
2023-06-29,7792.93,-0.009757653385380927
2023-06-30,7655.01,-0.017698093015079075
2023-07-03,7687.85,0.004290000927497095
2023-07-04,7638.65,-0.0063997086311518014
2023-07-05,7824.34,0.024309269308058434
2023-07-06,7831.5,0.0009150931580170774
2023-07-07,7756.44,-0.009584370810189702
2023-07-10,7648.78,-0.013880079005316848
2023-07-11,7758.23,0.014309471575859156
2023-07-12,7706.27,-0.0066974039181616485
2023-07-13,7714.2,0.001029032203647029
2023-07-14,7811.37,0.012596251069456388
2023-07-17,7767.56,-0.005608491212168887
2023-07-18,7766.76,-0.00010299244550415754
2023-07-19,7768.84,0.0002678079405054046
2023-07-20,7839.74,0.009126201595090144
2023-07-21,7902.07,0.007950518767203985
2023-07-24,7883.94,-0.002294335534866243
2023-07-25,7894.02,0.0012785485429875898
2023-07-26,7860.88,-0.004198114522132035
2023-07-27,7719.57,-0.017976358880939625
2023-07-28,7748.35,0.003728186932691946
2023-07-31,7939.07,0.024614272716126484
2023-08-01,7854.9,-0.010601997463178914
2023-08-02,7782.48,-0.009219722720849366
2023-08-03,7701.24,-0.01043883183766614
2023-08-04,7775.56,0.009650393962530757
2023-08-07,7823.35,0.006146181111071014
2023-08-08,7811.46,-0.0015198092888596415
2023-08-09,7725.31,-0.011028668136302211
2023-08-10,7737.99,0.0016413580814231832
2023-08-11,7590.56,-0.019052751425111647
2023-08-14,7607.91,0.002285733858898409
2023-08-15,7695.57,0.011522218322771893
2023-08-16,7578.82,-0.015171065950930207
2023-08-17,7437.43,-0.018655938523411186
2023-08-18,7590.53,0.020585067691393233
2023-08-21,7535.84,-0.007205030478767527
2023-08-22,7648.1,0.014896813095819583
2023-08-23,7636.91,-0.001463108484460296
2023-08-24,7624.98,-0.0015621501366390733
2023-08-25,7670.86,0.006017064962793306
2023-08-28,7589.52,-0.010603765418740418
2023-08-29,7605.82,0.0021476984051691517
2023-08-30,7572.96,-0.004320375712283497
2023-08-31,7451.56,-0.016030719824216666
2023-09-01,7486.87,0.004738605070615964
2023-09-04,7465.63,-0.0028369665828309465
2023-09-05,7454.42,-0.0015015477595327065
2023-09-06,7345.13,-0.014661100394128601
2023-09-07,7497.45,0.020737549914024545
2023-09-08,7584.34,0.011589273686386736
2023-09-11,7680.68,0.012702489603577893
2023-09-12,7654.83,-0.003365587421947036
2023-09-13,7493.43,-0.021084726897919293
2023-09-14,7683.75,0.0253982488660065
2023-09-15,7681.49,-0.0002941272165284392
2023-09-18,7612.99,-0.008917540737539253
2023-09-19,7656.72,0.005744129441914492
2023-09-20,7773.84,0.015296367112810794
2023-09-21,7775.28,0.0001852366398074068
2023-09-22,7905.31,0.016723513494047992
2023-09-25,8017.73,0.014220821194867561
2023-09-26,7913.5,-0.01299993888544504
2023-09-27,7850.35,-0.007980034118910684
2023-09-28,7949.41,0.012618545669938142
2023-09-29,7685.98,-0.0331383083776029
2023-10-02,7675.18,-0.0014051558812278042
2023-10-03,7541.65,-0.017397637579835368
2023-10-04,7500.07,-0.005513382350016194
2023-10-05,7475.45,-0.003282636028730357
2023-10-06,7445.33,-0.004029188878261536
2023-10-09,7397.23,-0.0064604255284856915
2023-10-10,7299.16,-0.013257665369334148
2023-10-11,7516.57,0.029785619167137067
2023-10-12,7699.18,0.02429432573633994
2023-10-13,7590.9,-0.01406383536948097
2023-10-16,7747.41,0.020618108524680823
2023-10-17,7712.19,-0.004546035384728642
2023-10-18,7728.43,0.002105757249238005
2023-10-19,7725.95,-0.0003208931180072039
2023-10-20,7665.65,-0.007804865421080942
2023-10-23,7764.96,0.012955196232544042
2023-10-24,7780.99,0.0020644021347180352
2023-10-25,7738.09,-0.005513437236135732
2023-10-26,7615.57,-0.015833364564123764
2023-10-27,7533.9,-0.01072408237334832
2023-10-30,7383.22,-0.020000265466756817
2023-10-31,7387.87,0.0006298065071879133
2023-11-01,7280.79,-0.014494028725464791
2023-11-02,7259.93,-0.002865073707660759
2023-11-03,7389.85,0.01789548935044838
2023-11-06,7505.93,0.015708031962759827
2023-11-07,7506.46,7.061083703141513e-05
2023-11-08,7501.8,-0.0006207986187896086
2023-11-09,7685.25,0.024454131008557978
2023-11-10,7739.52,0.007061578998731388
2023-11-13,7711.3,-0.00364622095427114
2023-11-14,7577.6,-0.017338192003942265
2023-11-15,7618.92,0.005452913851351271
2023-11-16,7702.61,0.010984496490316076
2023-11-17,7645.2,-0.007453317771508594
2023-11-20,7676.95,0.004152932558991296
2023-11-21,7645.51,-0.004095376419020469
2023-11-22,7631.43,-0.001841603764824007
2023-11-23,7399.47,-0.030395351854108577
2023-11-24,7382.34,-0.0023150306711156032
2023-11-27,7476.61,0.012769663819330868
2023-11-28,7420.9,-0.007451237927349474
2023-11-29,7429.35,0.001138675901844799
2023-11-30,7362.44,-0.009006171468567303
2023-12-01,7399.47,0.005029582584034742
2023-12-04,7382.83,-0.002248809712046995
2023-12-05,7299.45,-0.01129377217137606
2023-12-06,7426.57,0.017415010719985746
2023-12-07,7517.58,0.012254647838773502
2023-12-08,7464.05,-0.007120642547202682
2023-12-11,7514.59,0.006771122915843364
2023-12-12,7569.25,0.007273849937255328
2023-12-13,7634.38,0.008604551309574937
2023-12-14,7476.71,-0.02065262667040413
2023-12-15,7575.74,0.013245130545386896
2023-12-18,7525.14,-0.006679215495779878
2023-12-19,7494.86,-0.004023845403540727
2023-12-20,7751.82,0.034284829870070865
2023-12-21,7785.06,0.004288025263744499
2023-12-22,7750.96,-0.004380184610009441
2023-12-25,7542.16,-0.02693859857359604
2023-12-26,7679.03,0.018147321191807064
2023-12-27,7553.58,-0.01633669877575683
2023-12-28,7462.24,-0.012092279422472596
2023-12-29,7434.69,-0.0036919209245481754
2024-01-01,7572.16,0.018490347277425156
2024-01-02,7649.93,0.010270517263238021
2024-01-03,7638.37,-0.0015111249383982228
2024-01-04,7671.75,0.004370042299600474
2024-01-05,7617.57,-0.007062273927070151
2024-01-08,7634.62,0.0022382465799462015
2024-01-09,7645.31,0.0014002006648661247
2024-01-10,7742.88,0.012762072433949667
2024-01-11,7841.54,0.012742028805819094
2024-01-12,7894.26,0.00672316917340221
2024-01-15,7862.04,-0.0040814465193698135
2024-01-16,7939.65,0.009871483737045272
2024-01-17,7934.23,-0.0006826497389683661
2024-01-18,7830.54,-0.01306869097568375
2024-01-19,7794.57,-0.0045935529350467075
2024-01-22,7806.59,0.0015420991793004823
2024-01-23,7900.39,0.01201548947747999
2024-01-24,7885.9,-0.0018340866716707316
2024-01-25,7770.37,-0.014650198455471108
2024-01-26,7779.63,0.0011917064438373703
2024-01-29,7794.47,0.0019075457316093392
2024-01-30,7816.46,0.002821230949634712
2024-01-31,7911.34,0.012138487243585905
2024-02-01,8017.37,0.013402280776707798
2024-02-02,7961.36,-0.006986081470606975
2024-02-05,7903.56,-0.007260066119356368
2024-02-06,7804.38,-0.012548775488514075
2024-02-07,7877.14,0.009322969922018087
2024-02-08,8026.07,0.018906608235984113
2024-02-09,7998.08,-0.003487385482558669
2024-02-12,7977.59,-0.0025618648475633776
2024-02-13,8130.25,0.019136105014170957
2024-02-14,8186.1,0.0068694074597952515
2024-02-15,8235.13,0.005989421091850744
2024-02-16,8116.36,-0.014422358845579741
2024-02-19,8189.96,0.009068104421193768
2024-02-20,8098.5,-0.011167331708579753
2024-02-21,7987.42,-0.013716120269185672
2024-02-22,7956.39,-0.0038848589406842438
2024-02-23,7901.65,-0.006880004625213321
2024-02-26,7883.37,-0.0023134408636170667
2024-02-27,7745.23,-0.01752296289531008
2024-02-28,7843.09,0.012634873334943064
2024-02-29,7959.11,0.014792639125650764
2024-03-01,7769.91,-0.02377150209005774
2024-03-04,7870.04,0.012886893155776624
2024-03-05,7793.79,-0.009688641989113123
2024-03-06,7882.15,0.01133723130851605
2024-03-07,7879.1,-0.000386950261032748
2024-03-08,7885.71,0.0008389283039940132
2024-03-11,7871.09,-0.0018539865148476942
2024-03-12,7996.02,0.0158720075618497
2024-03-13,7875.87,-0.015026225547209782
2024-03-14,7940.19,0.008166716819856035
2024-03-15,8054.97,0.01445557348123927
2024-03-18,8131.87,0.009546900857482887
2024-03-19,8377.55,0.030211993059406916
2024-03-20,8325.87,-0.006168867986463655
2024-03-21,8430.91,0.012616098978244894
2024-03-22,8423.65,-0.0008611170087214903
2024-03-25,8559.65,0.016145020270310395
2024-03-26,8562.9,0.00037968842183966345
2024-03-27,8525.21,-0.004401546205140883
2024-03-28,8670.79,0.01707641219395195
2024-03-29,8621.36,-0.005700749297353536
2024-04-01,8473.3,-0.017173624578952884
2024-04-02,8422.31,-0.006017726269576196
2024-04-03,8492.3,0.00831007170241893
2024-04-04,8646.67,0.018177643276850786
2024-04-05,8662.91,0.0018781796922977545
2024-04-08,8812.17,0.0172297761375797
2024-04-09,8666.79,-0.01649763906052648
2024-04-10,8622.63,-0.00509531210517411
2024-04-11,8595.43,-0.0031544899873935384
2024-04-12,8587.12,-0.0009667928189747155
2024-04-15,8600.32,0.0015371859249666553
2024-04-16,8679.64,0.009222912635808767
2024-04-17,8635.25,-0.005114267412012374
2024-04-18,8654.51,0.0022303928664486605
2024-04-19,8653.71,-9.243735347252979e-05
2024-04-22,8557.42,-0.011127019509551306
2024-04-23,8549.25,-0.0009547270088414717
2024-04-24,8537.85,-0.001333450302658079
2024-04-25,8524.17,-0.0016022769198335007
2024-04-26,8531.65,0.0008775047893225807
2024-04-29,8543.85,0.001429969583843782
2024-04-30,8501.49,-0.004957952211239736
2024-05-01,8643.02,0.016647669996671333
2024-05-02,8520.67,-0.014155931607239158
2024-05-03,8447.64,-0.008570922239683143
2024-05-06,8752.92,0.036137903603846944
2024-05-07,8643.32,-0.012521535670382056
2024-05-08,8501.2,-0.016442755792912767
2024-05-09,8584.32,0.009777443184491474
2024-05-10,8366.57,-0.02536601617833445
2024-05-13,8345.78,-0.0024848892676447853
2024-05-14,8578.57,0.027893138807876472
2024-05-15,8417.21,-0.018809661750151863
2024-05-16,8213.54,-0.024196853826861653
2024-05-17,8063.7,-0.018243047455786532
2024-05-20,8159.37,0.011864280665203397
2024-05-21,8279.76,0.014754815629147933
2024-05-22,8230.38,-0.005963940983796712
2024-05-23,8305.49,0.00912594558209956
2024-05-24,8456.27,0.018154257003500263
2024-05-27,8652.97,0.02326084668535877
2024-05-28,8630.27,-0.0026233767134289376
2024-05-29,8387.61,-0.028117312668085703
2024-05-30,8305.27,-0.009816860822093543
2024-05-31,8264.66,-0.004889666440705764
2024-06-03,8241.67,-0.002781723628074162
2024-06-04,8226.1,-0.0018891802268229396
2024-06-05,8346.86,0.014680103572774383
2024-06-06,8486.0,0.016669741675312544
2024-06-07,8471.7,-0.0016851284468535344
2024-06-10,8593.85,0.01441859367069176
2024-06-11,8636.77,0.004994269157595266
2024-06-12,8647.91,0.0012898340467557556
2024-06-13,8751.41,0.011968209659906304
2024-06-14,8763.56,0.0013883477062552885
2024-06-17,8998.01,0.02675282647691124
2024-06-18,8840.63,-0.01749053401807743
2024-06-19,8787.62,-0.005996179005342217
2024-06-20,8777.8,-0.0011174811837564302
2024-06-21,8830.74,0.006031123971838026
2024-06-24,8977.21,0.0165863789444598
2024-06-25,8978.73,0.00016931763877647832
2024-06-26,8823.48,-0.017290864075431567
2024-06-27,8921.88,0.01115206245154976
2024-06-28,9011.44,0.010038243060879637
2024-07-01,8797.84,-0.023703203927452288
2024-07-02,8801.6,0.0004273776290544262
2024-07-03,8631.14,-0.01936693328485739
2024-07-04,8563.24,-0.007866863473422914
2024-07-05,8470.42,-0.010839355197331813
2024-07-08,8561.3,0.010729101980775368
2024-07-09,8578.0,0.0019506383376357572
2024-07-10,8444.2,-0.015598041501515447
2024-07-11,8542.42,0.011631652495203815
2024-07-12,8393.48,-0.017435340336813265
2024-07-15,8432.48,0.004646463683716462
2024-07-16,8350.42,-0.009731419463787527
2024-07-17,8315.99,-0.00412314590164331
2024-07-18,8372.98,0.006853062593870307
2024-07-19,8432.19,0.007071556363445364
2024-07-22,8579.51,0.017471143321011517
2024-07-23,8574.7,-0.0005606380783983456
2024-07-24,8611.97,0.00434650774954215
2024-07-25,8568.69,-0.005025563256722765
2024-07-26,8592.45,0.0027728859370568237
2024-07-29,8644.27,0.006030875943415337
2024-07-30,8637.68,-0.0007623547158984723
2024-07-31,8447.63,-0.02200243583925321
2024-08-01,8487.02,0.004662846265757414
2024-08-02,8530.15,0.005081877973658555
2024-08-05,8461.39,-0.008060819563548094
2024-08-06,8329.54,-0.01558254613012744
2024-08-07,8489.91,0.01925316404027111
2024-08-08,8546.71,0.006690294714549294
2024-08-09,8526.14,-0.0024067740686182226
2024-08-12,8408.87,-0.013754172462567937
2024-08-13,8326.22,-0.009828906856688358
2024-08-14,8468.02,0.017030537266610857
2024-08-15,8486.76,0.0022130320901461165
2024-08-16,8432.11,-0.0064394421428201065
2024-08-19,8490.47,0.006921162081614085
2024-08-20,8407.81,-0.009735621231804603
2024-08-21,8572.38,0.019573468001774508
2024-08-22,8723.89,0.01767420482993054
2024-08-23,8676.89,-0.005387504886008476
2024-08-26,8612.54,-0.0074162516754273655
2024-08-27,8337.05,-0.03198707930529221
2024-08-28,8186.77,-0.01802556059997229
2024-08-29,8053.61,-0.016265267010066364
2024-08-30,8071.18,0.002181630349619601
2024-09-02,8041.9,-0.003627722340475703
2024-09-03,7910.51,-0.01633817878859467
2024-09-04,7886.29,-0.003061749495291699
2024-09-05,7940.44,0.0068663465330338624
2024-09-06,7997.23,0.0071519966147972625
2024-09-09,7811.82,-0.02318427755610375
2024-09-10,7802.92,-0.0011392991645992057
2024-09-11,7671.76,-0.016809091980950708
2024-09-12,7763.11,0.011907306797918515
2024-09-13,7843.92,0.010409487950061358
2024-09-16,7759.37,-0.010779049250884798
2024-09-17,7688.5,-0.009133473464984943
2024-09-18,7647.59,-0.005320933862261845
2024-09-19,7437.12,-0.027521088342863598
2024-09-20,7472.23,0.004720913471881527
2024-09-23,7450.13,-0.002957617739282603
2024-09-24,7545.35,0.012780985029791525
2024-09-25,7445.19,-0.013274400789890617
2024-09-26,7390.86,-0.007297328879451004
2024-09-27,7255.36,-0.018333455105359886
2024-09-30,7167.55,-0.012102776430115036
2024-10-01,7064.97,-0.01431172436885686
2024-10-02,7157.58,0.013108335916500735
2024-10-03,7098.27,-0.00828632023672804
2024-10-04,7112.77,0.0020427512619272115
2024-10-07,7082.1,-0.0043119628499164175
2024-10-08,6973.05,-0.015397975176854373
2024-10-09,6961.6,-0.0016420361247947435
2024-10-10,7017.68,0.008055619397839608
2024-10-11,6915.0,-0.014631616146646764
2024-10-14,6989.18,0.010727404193781709
2024-10-15,6918.05,-0.010177159552336668
2024-10-16,6879.36,-0.005592616416475793
2024-10-17,6928.8,0.00718671504325985
2024-10-18,6874.4,-0.007851287380210237
2024-10-21,6880.94,0.0009513557546840801
2024-10-22,6856.97,-0.0034835356797180417
2024-10-23,6871.43,0.0021088031594129752
2024-10-24,6671.56,-0.029087104139895126
2024-10-25,6522.63,-0.022323114833712077
2024-10-28,6576.58,0.008271203486936995
2024-10-29,6666.26,0.013636266874271996
2024-10-30,6593.36,-0.010935667075691713
2024-10-31,6576.25,-0.0025950350049139814
2024-11-01,6603.86,0.004198441360957927
2024-11-04,6664.96,0.009252164643102745
2024-11-05,6499.95,-0.024757838006529753
2024-11-06,6430.85,-0.01063085100654615
2024-11-07,6407.01,-0.003707130472643594
2024-11-08,6467.1,0.0093787897943034
2024-11-11,6677.09,0.0324705045538185
2024-11-12,6661.11,-0.002393258140896748
2024-11-13,6547.19,-0.017102254729316924
2024-11-14,6583.59,0.005559637035125187
2024-11-15,6697.26,0.01726565597189378
2024-11-18,6709.58,0.0018395582671122401
2024-11-19,6636.53,-0.010887417692314605
2024-11-20,6720.32,0.012625573906845933
2024-11-21,6779.96,0.008874577401076111
2024-11-22,6696.06,-0.012374704275541437
2024-11-25,6731.52,0.0052956514726569814
2024-11-26,6819.88,0.013126307282753436
2024-11-27,6925.49,0.015485609717472926
2024-11-28,6922.99,-0.0003609852876835795
2024-11-29,6895.11,-0.004027161674363233
2024-12-02,7005.89,0.01606645869319001
2024-12-03,6903.17,-0.014661948731710117
2024-12-04,6944.73,0.00602042250154633
2024-12-05,6829.13,-0.016645715528177396
2024-12-06,6924.71,0.01399592627464985
2024-12-09,6905.52,-0.0027712351853000916
2024-12-10,7020.12,0.016595419316720372
2024-12-11,7067.08,0.006689344341692216
2024-12-12,6962.32,-0.014823661257549081
2024-12-13,7091.79,0.018595812889956154
2024-12-16,7235.2,0.020221974987979063
2024-12-17,7319.56,0.011659663865546399
2024-12-18,7253.11,-0.009078414549508529
2024-12-19,7228.65,-0.0033723464830948124
2024-12-20,7245.35,0.002310251568411914
2024-12-23,7184.82,-0.008354323807683639
2024-12-24,7343.15,0.022036738568259162
2024-12-25,7360.02,0.0022973791901297336
2024-12-26,7116.95,-0.03302572547357219
2024-12-27,7150.85,0.004763276403515704
2024-12-30,7122.95,-0.003901634071474147
2024-12-31,7119.61,-0.00046890684337252964
2025-01-01,7090.0,-0.004158935672038178
2025-01-02,7165.87,0.010700987306064835
2025-01-03,7271.14,0.01469047024297132
2025-01-06,7300.59,0.004050258969019893
2025-01-07,7272.91,-0.0037914743876865664
2025-01-08,7272.58,-4.537385998171217e-05
2025-01-09,7277.84,0.0007232646461090564
2025-01-10,7208.07,-0.009586635595176696
2025-01-13,7264.29,0.007799591291427488
2025-01-14,7310.0,0.006292424999552626
2025-01-15,7456.81,0.0200834473324214
2025-01-16,7579.29,0.016425254230696407
2025-01-17,7517.67,-0.008130049120696037
2025-01-20,7599.39,0.010870389362661603
2025-01-21,7512.46,-0.011439076031102502
2025-01-22,7582.23,0.0092872374694839
2025-01-23,7536.63,-0.006014061826138173
2025-01-24,7443.63,-0.012339732745272114
2025-01-27,7473.5,0.004012827074961978
2025-01-28,7229.31,-0.03267411520706487
2025-01-29,7074.94,-0.02135335184132381
2025-01-30,7062.5,-0.001758318798463221
2025-01-31,7073.21,0.0015164601769912522
2025-02-03,7043.73,-0.004167838930273615
2025-02-04,6908.24,-0.019235547075200143
2025-02-05,6840.67,-0.009781073037416155
2025-02-06,6877.75,0.005420521674046608
2025-02-07,6931.65,0.007836865253898484
2025-02-10,6933.53,0.00027121969516641364
2025-02-11,7038.68,0.015165435211212941
2025-02-12,7077.37,0.005496769280603608
2025-02-13,7014.38,-0.008900198802662573
2025-02-14,6992.96,-0.003053726772715537
2025-02-17,6873.72,-0.0170514345856404
2025-02-18,6867.63,-0.0008859831357692638
2025-02-19,6967.85,0.014593098346882494
2025-02-20,7031.62,0.009152033984658026
2025-02-21,7160.34,0.018305881148298786
2025-02-24,7136.46,-0.0033350371630397335
2025-02-25,7261.98,0.01758855230744638
2025-02-26,7247.77,-0.0019567666118605054
2025-02-27,7386.91,0.01919762906383604
2025-02-28,7388.4,0.00020170815672582165
2025-03-03,7458.07,0.009429646472849385
2025-03-04,7601.59,0.019243584466222652
2025-03-05,7586.7,-0.001958800724585319
2025-03-06,7611.23,0.003233289836160669
2025-03-07,7739.52,0.016855357149895722
2025-03-10,7730.24,-0.0011990407673861947
2025-03-11,7606.28,-0.016035724634681503
2025-03-12,7818.16,0.02785592957398353
2025-03-13,7775.73,-0.0054271081686739775
2025-03-14,7795.01,0.0024795099624088657
2025-03-17,7913.14,0.015154566831857785
2025-03-18,7856.44,-0.00716529721450665
2025-03-19,7761.01,-0.012146722943215948
2025-03-20,7789.57,0.0036799334107286974
2025-03-21,7619.2,-0.021871553885516093
2025-03-24,7595.23,-0.003145999580008385
2025-03-25,7622.34,0.0035693454971081895
2025-03-26,7600.08,-0.0029203630381221535
2025-03-27,7457.27,-0.01879059167798225
2025-03-28,7612.18,0.020773017471541255
2025-03-31,7625.75,0.0017826693535885063
2025-04-01,7768.19,0.01867881847687114
2025-04-02,7746.47,-0.002796018120051036
2025-04-03,7664.71,-0.010554484816955312
2025-04-04,7694.41,0.0038749019858546063
2025-04-07,7677.18,-0.0022392880025888795
2025-04-08,7567.7,-0.014260444590331378
2025-04-09,7712.81,0.019174914438997437
2025-04-10,7656.23,-0.007335847764952219
2025-04-11,7484.32,-0.02245360967473542
2025-04-14,7614.24,0.017358958462492247
2025-04-15,7569.62,-0.005860072705877406
2025-04-16,7515.45,-0.007156237697533041
2025-04-17,7353.64,-0.02153031421937468
2025-04-18,7520.3,0.022663606050880913
2025-04-21,7402.63,-0.015646982168264545
2025-04-22,7411.61,0.001213082377479191
2025-04-23,7500.9,0.012047314955859756
2025-04-24,7544.45,0.005805969950272605
2025-04-25,7542.37,-0.00027569935515514565
2025-04-28,7385.91,-0.02074414275618941
2025-04-29,7314.42,-0.009679240608130857
2025-04-30,7335.24,0.0028464321162853246
2025-05-01,7266.31,-0.009397102207971297
2025-05-02,7288.42,0.0030428098993848796
2025-05-05,7354.8,0.009107598080242418
2025-05-06,7448.07,0.01268151411323215
2025-05-07,7337.39,-0.014860225534937155
2025-05-08,7546.88,0.02855102427429923
2025-05-09,7623.84,0.010197591587516985
2025-05-12,7627.31,0.00045515120988892654
2025-05-13,7736.41,0.014303863354183877
2025-05-14,7974.23,0.030740356315138273
2025-05-15,7834.72,-0.0174951061105586
2025-05-16,7816.24,-0.0023587313905283347
2025-05-19,7589.11,-0.02905872900525064
2025-05-20,7611.17,0.002906796712658144
2025-05-21,7649.94,0.0050938292010294095
2025-05-22,7649.8,-1.8300797130388347e-05
2025-05-23,7590.59,-0.007740071635859769
2025-05-26,7400.63,-0.025025722638161163
2025-05-27,7439.08,0.005195503626042708
2025-05-28,7580.35,0.018990251482710274
2025-05-29,7527.7,-0.00694558958359448
2025-05-30,7573.16,0.006039029185541445
2025-06-02,7428.54,-0.01909638776943834
2025-06-03,7475.02,0.006256949548632873
2025-06-04,7441.6,-0.004470891047783199
2025-06-05,7373.97,-0.009088099333476651
2025-06-06,7307.15,-0.009061604535955614
2025-06-09,7274.47,-0.004472331894103676
2025-06-10,7313.08,0.0053076031655914235
2025-06-11,7196.61,-0.01592625815661808
2025-06-12,7164.1,-0.004517404722501173
2025-06-13,7163.77,-4.606300861242918e-05
2025-06-16,7068.62,-0.013282112630640053
2025-06-17,7233.9,0.023382216047828308
2025-06-18,7159.94,-0.010224083827534258
2025-06-19,7103.18,-0.00792744073274343
2025-06-20,7019.51,-0.011779231273880142
2025-06-23,7183.8,0.023404767569246365
2025-06-24,7237.46,0.007469584342548519
2025-06-25,7155.97,-0.011259475009188225
2025-06-26,7259.86,0.014517947951151244
2025-06-27,7281.71,0.0030096999115685197
2025-06-30,7308.82,0.0037230265967747034
2025-07-01,7280.64,-0.003855615543959079
2025-07-02,7215.66,-0.008925039556962111
2025-07-03,7249.88,0.004742462920924728
2025-07-04,7203.69,-0.006371139936109382
2025-07-07,7373.99,0.023640661938534313
2025-07-08,7260.46,-0.015396006775165061
2025-07-09,7405.87,0.020027656649854064
2025-07-10,7399.01,-0.0009262922519568395
2025-07-11,7430.49,0.004254623253651335
2025-07-14,7512.47,0.011032919767067995
2025-07-15,7456.6,-0.00743696813431538
2025-07-16,7541.83,0.011430142424161183
2025-07-17,7292.37,-0.03307685270020677
2025-07-18,7229.96,-0.008558260208958113
2025-07-21,7149.68,-0.011103795871623023
2025-07-22,7041.01,-0.01519928164617157
2025-07-23,7025.31,-0.0022297937369780696
2025-07-24,7062.9,0.005350653565465269
2025-07-25,7129.1,0.00937292047176097
2025-07-28,7154.17,0.0035165729194428508
2025-07-29,7097.8,-0.007879320731824957
2025-07-30,7134.27,0.005138211840288509
2025-07-31,7148.86,0.0020450585694120615
2025-08-01,7237.11,0.012344625576665269
2025-08-04,7311.78,0.010317654422828948
2025-08-05,7318.07,0.0008602556422649954
2025-08-06,7239.26,-0.010769232871508438
2025-08-07,7183.37,-0.007720402361567347
2025-08-08,7137.18,-0.006430129590985767
2025-08-11,7112.27,-0.003490173990287504
2025-08-12,7139.73,0.00386093328852799
2025-08-13,7207.79,0.009532573360617302
2025-08-14,7206.58,-0.0001678739252947148
2025-08-15,7211.47,0.0006785465505136923
2025-08-18,7227.95,0.002285248361290959
2025-08-19,7184.54,-0.00600585228176731
2025-08-20,7104.64,-0.011121101698925662
2025-08-21,6952.55,-0.021407136744437505
2025-08-22,6895.21,-0.008247333712091298
2025-08-25,6939.74,0.006458106424604759
2025-08-26,6881.83,-0.00834469302884544
2025-08-27,6864.51,-0.0025167724282639803
2025-08-28,6908.25,0.006371904185440647
2025-08-29,6957.03,0.00706112257083924
2025-09-01,6866.32,-0.013038609866566575
2025-09-02,6956.43,0.013123478078505002
2025-09-03,7059.3,0.014787757513552213
2025-09-04,6962.84,-0.013664244330174435
2025-09-05,6894.23,-0.00985373784260457
2025-09-08,7001.8,0.015602902717199774
2025-09-09,6992.18,-0.0013739324173783762
2025-09-10,6802.58,-0.027116006738956977
2025-09-11,6686.86,-0.01701119281213892
2025-09-12,6669.06,-0.002661936992848557
2025-09-15,6575.18,-0.014076946376250898
2025-09-16,6544.14,-0.004720783309354215
2025-09-17,6549.93,0.0008847610228388536
2025-09-18,6674.89,0.019078066483153355
2025-09-19,6653.68,-0.0031775804545093322
2025-09-22,6747.41,0.014086941361772576
2025-09-23,6873.24,0.018648637032579796
2025-09-24,7001.9,0.018718973875493816
2025-09-25,7030.42,0.00407318013682012
2025-09-26,6861.92,-0.02396727364794704
2025-09-29,6905.16,0.006301443327815015
2025-09-30,7000.31,0.013779550365234261
2025-10-01,6996.49,-0.000545690119437614
2025-10-02,7155.38,0.022709958850795298
2025-10-03,7236.76,0.011373260399866858
2025-10-06,7292.23,0.007665032417822237
2025-10-07,7396.25,0.014264497965642997
2025-10-08,7430.91,0.004686158526280293
2025-10-09,7204.59,-0.030456565884931952
2025-10-10,7162.84,-0.005794916851618259
2025-10-13,7275.16,0.015680931027357792
2025-10-14,7204.94,-0.009652021398842137
2025-10-15,7188.11,-0.0023358973148978057
2025-10-16,7097.48,-0.012608321241605935
2025-10-17,7262.26,0.02321669099455037
2025-10-20,7421.29,0.021898141900730694
2025-10-21,7342.6,-0.010603277866785943
2025-10-22,7359.74,0.002334322991855764
2025-10-23,7300.39,-0.008064143570289062
2025-10-24,7360.67,0.008257093114203418
2025-10-27,7411.62,0.006921924227006437
2025-10-28,7491.37,0.010760130713663107
2025-10-29,7526.35,0.004669372891740853
2025-10-30,7813.62,0.03816856776525146
2025-10-31,7716.76,-0.012396302866021114
2025-11-03,7555.83,-0.020854607374079293
2025-11-04,7522.08,-0.004466749516598423
2025-11-05,7378.45,-0.019094452598217515
2025-11-06,7244.46,-0.01815964057491748
2025-11-07,7157.05,-0.01206577163791367
2025-11-10,7077.75,-0.011079984071649673
2025-11-11,6996.46,-0.011485288403800586
2025-11-12,7045.65,0.0070306983817529645
2025-11-13,7004.19,-0.005884481914372741
2025-11-14,6991.7,-0.0017832183307420202
2025-11-17,7074.28,0.011811147503468344
2025-11-18,7009.64,-0.009137325635965698
2025-11-19,6989.65,-0.0028517869676617513
2025-11-20,7025.28,0.005097537072671798
2025-11-21,6858.78,-0.023700122984421923
2025-11-24,6658.93,-0.029137835008558266
2025-11-25,6691.21,0.004847625669589517
2025-11-26,6736.03,0.006698340061065178
2025-11-27,6916.8,0.026836281904920378
2025-11-28,6933.89,0.0024707957436964634
2025-12-01,7009.21,0.010862589397870437
2025-12-02,6995.3,-0.0019845317803289797
2025-12-03,7024.89,0.004229982988578129
2025-12-04,7177.43,0.021714219012682
2025-12-05,6991.24,-0.025941040177333785
2025-12-08,7031.11,0.0057028509963896745
2025-12-09,7226.3,0.027760908306085463
2025-12-10,7255.48,0.00403802775971096
2025-12-11,7411.46,0.02149823305970111
2025-12-12,7356.44,-0.00742363852736172
2025-12-15,7356.98,7.340507093100967e-05
2025-12-16,7363.59,0.0008984664903262107
2025-12-17,7164.12,-0.027088689076931294
2025-12-18,7062.81,-0.014141304165759316
2025-12-19,6969.2,-0.013253931508847128
2025-12-22,7045.11,0.010892211444642141
2025-12-23,7126.34,0.011529983208211192
2025-12-24,7158.9,0.004568965275302483
2025-12-25,7237.06,0.010917878445012574
2025-12-26,7225.55,-0.001590424841026672
2025-12-29,7339.29,0.01574136224924061
2025-12-30,7343.6,0.0005872502653527789
2025-12-31,7352.46,0.0012064927283621518
